Descriptores,2008|Total,2008|Usuario/Beneficiario|Total de residentes,2008|Usuario/Beneficiario|Hogares,2008|Usuario/Beneficiario|ISFL,2008|Usuario/Beneficiario|Total de gobierno,2008|Usuario/Beneficiario|Niveles de gobierno|Gobierno federal,2008|Usuario/Beneficiario|Niveles de gobierno|Gobierno estatal,2008|Usuario/Beneficiario|Niveles de gobierno|Gobierno municipal,2008|Usuario/Beneficiario|Sociedades no financieras,2008|Usuario/Beneficiario|Total no residentes,2009|Total,2009|Usuario/Beneficiario|Total de residentes,2009|Usuario/Beneficiario|Hogares,2009|Usuario/Beneficiario|ISFL,2009|Usuario/Beneficiario|Total de gobierno,2009|Usuario/Beneficiario|Niveles de gobierno|Gobierno federal,2009|Usuario/Beneficiario|Niveles de gobierno|Gobierno estatal,2009|Usuario/Beneficiario|Niveles de gobierno|Gobierno municipal,2009|Usuario/Beneficiario|Sociedades no financieras,2009|Usuario/Beneficiario|Total no residentes,2010|Total,2010|Usuario/Beneficiario|Total de residentes,2010|Usuario/Beneficiario|Hogares,2010|Usuario/Beneficiario|ISFL,2010|Usuario/Beneficiario|Total de gobierno,2010|Usuario/Beneficiario|Niveles de gobierno|Gobierno federal,2010|Usuario/Beneficiario|Niveles de gobierno|Gobierno estatal,2010|Usuario/Beneficiario|Niveles de gobierno|Gobierno municipal,2010|Usuario/Beneficiario|Sociedades no financieras,2010|Usuario/Beneficiario|Total no residentes,2011|Total,2011|Usuario/Beneficiario|Total de residentes,2011|Usuario/Beneficiario|Hogares,2011|Usuario/Beneficiario|ISFL,2011|Usuario/Beneficiario|Total de gobierno,2011|Usuario/Beneficiario|Niveles de gobierno|Gobierno federal,2011|Usuario/Beneficiario|Niveles de gobierno|Gobierno estatal,2011|Usuario/Beneficiario|Niveles de gobierno|Gobierno municipal,2011|Usuario/Beneficiario|Sociedades no financieras,2011|Usuario/Beneficiario|Total no residentes,2012|Total,2012|Usuario/Beneficiario|Total de residentes,2012|Usuario/Beneficiario|Hogares,2012|Usuario/Beneficiario|ISFL,2012|Usuario/Beneficiario|Total de gobierno,2012|Usuario/Beneficiario|Niveles de gobierno|Gobierno federal,2012|Usuario/Beneficiario|Niveles de gobierno|Gobierno estatal,2012|Usuario/Beneficiario|Niveles de gobierno|Gobierno municipal,2012|Usuario/Beneficiario|Sociedades no financieras,2012|Usuario/Beneficiario|Total no residentes,2013|Total,2013|Usuario/Beneficiario|Total de residentes,2013|Usuario/Beneficiario|Hogares,2013|Usuario/Beneficiario|ISFL,2013|Usuario/Beneficiario|Total de gobierno,2013|Usuario/Beneficiario|Niveles de gobierno|Gobierno federal,2013|Usuario/Beneficiario|Niveles de gobierno|Gobierno estatal,2013|Usuario/Beneficiario|Niveles de gobierno|Gobierno municipal,2013|Usuario/Beneficiario|Sociedades no financieras,2013|Usuario/Beneficiario|Total no residentes,2014|Total,2014|Usuario/Beneficiario|Total de residentes,2014|Usuario/Beneficiario|Hogares,2014|Usuario/Beneficiario|ISFL,2014|Usuario/Beneficiario|Total de gobierno,2014|Usuario/Beneficiario|Niveles de gobierno|Gobierno federal,2014|Usuario/Beneficiario|Niveles de gobierno|Gobierno estatal,2014|Usuario/Beneficiario|Niveles de gobierno|Gobierno municipal,2014|Usuario/Beneficiario|Sociedades no financieras,2014|Usuario/Beneficiario|Total no residentes,2015|Total,2015|Usuario/Beneficiario|Total de residentes,2015|Usuario/Beneficiario|Hogares,2015|Usuario/Beneficiario|ISFL,2015|Usuario/Beneficiario|Total de gobierno,2015|Usuario/Beneficiario|Niveles de gobierno|Gobierno federal,2015|Usuario/Beneficiario|Niveles de gobierno|Gobierno estatal,2015|Usuario/Beneficiario|Niveles de gobierno|Gobierno municipal,2015|Usuario/Beneficiario|Sociedades no financieras,2015|Usuario/Beneficiario|Total no residentes,2016|Total,2016|Usuario/Beneficiario|Total de residentes,2016|Usuario/Beneficiario|Hogares,2016|Usuario/Beneficiario|ISFL,2016|Usuario/Beneficiario|Total de gobierno,2016|Usuario/Beneficiario|Niveles de gobierno|Gobierno federal,2016|Usuario/Beneficiario|Niveles de gobierno|Gobierno estatal,2016|Usuario/Beneficiario|Niveles de gobierno|Gobierno municipal,2016|Usuario/Beneficiario|Sociedades no financieras,2016|Usuario/Beneficiario|Total no residentes,2017|Total,2017|Usuario/Beneficiario|Total de residentes,2017|Usuario/Beneficiario|Hogares,2017|Usuario/Beneficiario|ISFL,2017|Usuario/Beneficiario|Total de gobierno,2017|Usuario/Beneficiario|Niveles de gobierno|Gobierno federal,2017|Usuario/Beneficiario|Niveles de gobierno|Gobierno estatal,2017|Usuario/Beneficiario|Niveles de gobierno|Gobierno municipal,2017|Usuario/Beneficiario|Sociedades no financieras,2017|Usuario/Beneficiario|Total no residentes,2018|Total<P>,2018|Usuario/Beneficiario|Total de residentes<P>,2018|Usuario/Beneficiario|Hogares<P>,2018|Usuario/Beneficiario|ISFL<P>,2018|Usuario/Beneficiario|Total de gobierno<P>,2018|Usuario/Beneficiario|Niveles de gobierno|Gobierno federal<P>,2018|Usuario/Beneficiario|Niveles de gobierno|Gobierno estatal<P>,2018|Usuario/Beneficiario|Niveles de gobierno|Gobierno municipal<P>,2018|Usuario/Beneficiario|Sociedades no financieras<P>,2018|Usuario/Beneficiario|Total no residentes<P>,2019|Total<P>,2019|Usuario/Beneficiario|Total de residentes<P>,2019|Usuario/Beneficiario|Hogares<P>,2019|Usuario/Beneficiario|ISFL<P>,2019|Usuario/Beneficiario|Total de gobierno<P>,2019|Usuario/Beneficiario|Niveles de gobierno|Gobierno federal<P>,2019|Usuario/Beneficiario|Niveles de gobierno|Gobierno estatal<P>,2019|Usuario/Beneficiario|Niveles de gobierno|Gobierno municipal<P>,2019|Usuario/Beneficiario|Sociedades no financieras<P>,2019|Usuario/Beneficiario|Total no residentes<P>
Millones de pesos a precios de 2013|Total cultura,600831.449,584980.607,533501.428,NA,15539.773,15539.773,NA,NA,35939.407,15850.842,584172.301,568336.093,517631.262,NA,18400.54,18400.54,NA,NA,32304.289,15836.208,600612.841,585464.807,533668.93,NA,17806.124,17806.124,NA,NA,33989.75,15148.034,619089.886,604640.473,548456.684,NA,19858.336,19858.336,NA,NA,36325.453,14449.413,664939.975,649068.313,593962.241,NA,19557.077,19557.077,NA,NA,35548.994,15871.662,677247.011,661051.054,607469.518,NA,19835.697,19835.697,NA,NA,33745.843,16195.957,677688.56,659507.552,605754.805,NA,20218.336,20218.336,NA,NA,33534.411,18181.008,739455.881,717653.906,659223.843,NA,21942.161,21942.161,NA,NA,36487.903,21801.975,790799.493,763714.841,702068.756,NA,24232.382,24232.382,NA,NA,37413.7,27084.652,829136.718,801157.485,742311.462,NA,23124.51,23124.51,NA,NA,35721.512,27979.233,862739.155,833971.341,770391.605,NA,22404.653,22404.653,NA,NA,41175.082,28767.814,873504.04,843801.568,781795.152,NA,20704.746,20704.746,NA,NA,41301.669,29702.472
Millones de pesos a precios de 2013|Total cultura|Subtotal de áreas generales y específicas,504915.009,489064.167,437584.988,NA,15539.773,15539.773,NA,NA,35939.407,15850.842,495637.052,479800.844,429096.013,NA,18400.54,18400.54,NA,NA,32304.289,15836.208,507495.679,492347.645,440551.768,NA,17806.124,17806.124,NA,NA,33989.75,15148.034,521280.362,506830.949,450647.16,NA,19858.336,19858.336,NA,NA,36325.453,14449.413,564914.909,549043.247,493937.175,NA,19557.077,19557.077,NA,NA,35548.994,15871.662,576780.694,560584.737,507003.201,NA,19835.697,19835.697,NA,NA,33745.843,16195.957,577106.19,558925.182,505172.435,NA,20218.336,20218.336,NA,NA,33534.411,18181.008,636017.324,614215.349,555785.286,NA,21942.161,21942.161,NA,NA,36487.903,21801.975,682080.09,654995.438,593349.353,NA,24232.382,24232.382,NA,NA,37413.7,27084.652,717255.526,689276.293,630430.27,NA,23124.51,23124.51,NA,NA,35721.512,27979.233,745069.833,716302.019,652722.283,NA,22404.653,22404.653,NA,NA,41175.082,28767.814,756750.925,727048.453,665042.037,NA,20704.746,20704.746,NA,NA,41301.669,29702.472
Millones de pesos a precios de 2013|Total cultura|Subtotal de áreas generales y específicas|Artes visuales y plásticas,8409.926,8192.478,7435.71,NA,534.945,534.945,NA,NA,221.823,217.448,7825.217,7606.58,6771.809,NA,647.328,647.328,NA,NA,187.443,218.637,8333.797,8131.602,7059.08,NA,642.363,642.363,NA,NA,430.158,202.195,9852.548,9658.444,7478.237,NA,715.235,715.235,NA,NA,1464.972,194.104,8936.304,8737.336,7224.592,NA,714.105,714.105,NA,NA,798.639,198.968,8216.807,8045.399,6689.203,NA,714.904,714.904,NA,NA,641.293,171.408,7552.259,7387.524,6335.081,NA,432.578,432.578,NA,NA,619.865,164.735,8196.995,8012.394,6718.383,NA,536.959,536.959,NA,NA,757.052,184.601,9769.081,9560.269,7495.098,NA,659.064,659.064,NA,NA,1406.107,208.812,8767.81,8560.483,6991.167,NA,571.775,571.775,NA,NA,997.541,207.327,15305.617,15085.314,9172.908,NA,741.127,741.127,NA,NA,5171.279,220.303,15084.026,14871.91,9016.075,NA,725.7,725.7,NA,NA,5130.135,212.116
Millones de pesos a precios de 2013|Total cultura|Subtotal de áreas generales y específicas|Artes visuales y plásticas|Dibujo,290.02,271.381,256.624,NA,NA,NA,NA,NA,14.757,18.639,273.454,254.816,249.139,NA,NA,NA,NA,NA,5.677,18.638,263.239,246.085,234.427,NA,NA,NA,NA,NA,11.658,17.154,258.435,241.34,229.528,NA,NA,NA,NA,NA,11.812,17.095,222.053,204.437,194.196,NA,NA,NA,NA,NA,10.241,17.616,192.553,174.676,164.753,NA,NA,NA,NA,NA,9.923,17.877,216.444,197.826,189.89,NA,NA,NA,NA,NA,7.936,18.618,299.286,278.029,266.448,NA,NA,NA,NA,NA,11.581,21.257,329.95,306.957,292.048,NA,NA,NA,NA,NA,14.909,22.993,325.125,299.592,286.097,NA,NA,NA,NA,NA,13.495,25.533,543.906,519.405,503.013,NA,NA,NA,NA,NA,16.392,24.501,618.644,596.229,582.811,NA,NA,NA,NA,NA,13.418,22.415
Millones de pesos a precios de 2013|Total cultura|Subtotal de áreas generales y específicas|Artes visuales y plásticas|Fotografía,5319.448,5121.426,4921.174,NA,NA,NA,NA,NA,200.252,198.022,4869.22,4670.035,4491.239,NA,NA,NA,NA,NA,178.796,199.185,5271.961,5087.659,4662.844,NA,NA,NA,NA,NA,424.815,184.302,6545.097,6368.729,4923.021,NA,NA,NA,NA,NA,1445.708,176.368,5704.05,5523.34,4743.089,NA,NA,NA,NA,NA,780.251,180.71,5262.51,5109.601,4483.65,NA,NA,NA,NA,NA,625.951,152.909,5203.521,5058.114,4491.296,NA,NA,NA,NA,NA,566.818,145.407,5360.482,5198.13,4526.393,NA,NA,NA,NA,NA,671.737,162.352,5814.226,5629.634,4743.705,NA,NA,NA,NA,NA,885.929,184.592,5816.882,5636.453,4696.359,NA,NA,NA,NA,NA,940.094,180.429,11121.483,10926.95,6008.223,NA,NA,NA,NA,NA,4918.727,194.533,10879.782,10691.491,5722.223,NA,NA,NA,NA,NA,4969.268,188.291
Millones de pesos a precios de 2013|Total cultura|Subtotal de áreas generales y específicas|Artes visuales y plásticas|Pintura y escultura,1073.925,1073.138,1066.324,NA,NA,NA,NA,NA,6.814,0.787,1001.323,1000.509,997.539,NA,NA,NA,NA,NA,2.97,0.814,1024.6,1023.861,1030.176,NA,NA,NA,NA,NA,-6.315,0.739,1157.953,1157.312,1149.86,NA,NA,NA,NA,NA,7.452,0.641,1112.87,1112.228,1104.081,NA,NA,NA,NA,NA,8.147,0.642,1028.159,1027.537,1022.118,NA,NA,NA,NA,NA,5.419,0.622,1153.374,1152.664,1107.553,NA,NA,NA,NA,NA,45.111,0.71,1363.505,1362.513,1288.779,NA,NA,NA,NA,NA,73.734,0.992,2297.491,2296.264,1790.995,NA,NA,NA,NA,NA,505.269,1.227,1468.897,1467.532,1423.58,NA,NA,NA,NA,NA,43.952,1.365,1997.678,1996.409,1760.249,NA,NA,NA,NA,NA,236.16,1.269,2001.11,1999.7,1852.251,NA,NA,NA,NA,NA,147.449,1.41
Millones de pesos a precios de 2013|Total cultura|Subtotal de áreas generales y específicas|Artes visuales y plásticas|Gestión pública en artes plásticas y visuales,1726.533,1726.533,1191.5876193908957,NA,534.945145493244,534.945145493244,NA,NA,NA,NA,1681.22,1681.22,1033.8917564896965,NA,647.328353993416,647.328353993416,NA,NA,NA,NA,1773.997,1773.997,1131.6334942367337,NA,642.3631280195495,642.3631280195495,NA,NA,NA,NA,1891.063,1891.063,1175.827838337629,NA,715.2350257610763,715.2350257610763,NA,NA,NA,NA,1897.331,1897.331,1183.225822924855,NA,714.1047125760564,714.1047125760564,NA,NA,NA,NA,1733.585,1733.585,1018.6818114367164,NA,714.9035425200767,714.9035425200767,NA,NA,NA,NA,978.92,978.92,546.3417533777144,NA,432.57814572436905,432.57814572436905,NA,NA,NA,NA,1173.722,1173.722,636.7629439705054,NA,536.9586131153922,536.9586131153922,NA,NA,NA,NA,1327.414,1327.414,668.3499207727917,NA,659.0641603744535,659.0641603744535,NA,NA,NA,NA,1156.906,1156.906,585.1309662683791,NA,571.7745491645635,571.7745491645635,NA,NA,NA,NA,1642.55,1642.55,901.4234410412788,NA,741.1265739055094,741.1265739055094,NA,NA,NA,NA,1584.49,1584.49,858.7903109929257,NA,725.6995063681534,725.6995063681534,NA,NA,NA,NA
Millones de pesos a precios de 2013|Total cultura|Subtotal de áreas generales y específicas|Artes escénicas y espectáculos,29242.16,26153.363,25249.185,NA,903.379,903.379,NA,NA,0.799,3088.797,27478.176,24427.514,23323.547,NA,1103.583,1103.583,NA,NA,0.385,3050.662,28568.852,25684.505,24594.246,NA,1089.733,1089.733,NA,NA,0.526,2884.347,29334.349,26583.735,25383.379,NA,1199.079,1199.079,NA,NA,1.277,2750.614,30341.375,27359.144,26110.517,NA,1202.901,1202.901,NA,NA,45.726,2982.231,31212.988,28142.353,26918.348,NA,1223.44,1223.44,NA,NA,0.566,3070.635,31166.083,27686.593,26509.31,NA,1167.549,1167.549,NA,NA,9.734,3479.49,32430.218,28212.836,26967.881,NA,1244.189,1244.189,NA,NA,0.766,4217.382,35156.989,29997.524,28583.472,NA,1413.429,1413.429,NA,NA,0.622,5159.465,36215.731,30866.205,29571.132,NA,1294.486,1294.486,NA,NA,0.586,5349.526,36713.956,31294.438,30168.063,NA,1125.868,1125.868,NA,NA,0.507,5419.518,37215.322,31597.763,30441.13,NA,1156.082,1156.082,NA,NA,0.55,5617.559
Millones de pesos a precios de 2013|Total cultura|Subtotal de áreas generales y específicas|Artes escénicas y espectáculos|Danza,18.058,18.058,18.058,NA,NA,NA,NA,NA,NA,NA,18.222,18.222,18.222,NA,NA,NA,NA,NA,NA,NA,18.386,18.386,18.386,NA,NA,NA,NA,NA,NA,NA,18.549,18.549,18.549,NA,NA,NA,NA,NA,NA,NA,18.759,18.759,18.759,NA,NA,NA,NA,NA,NA,NA,18.981,18.981,18.981,NA,NA,NA,NA,NA,NA,NA,18.773,18.773,18.773,NA,NA,NA,NA,NA,NA,NA,18.981,18.981,18.981,NA,NA,NA,NA,NA,NA,NA,19.19,19.19,19.19,NA,NA,NA,NA,NA,NA,NA,19.38,19.38,19.38,NA,NA,NA,NA,NA,NA,NA,19.569,19.569,19.569,NA,NA,NA,NA,NA,NA,NA,19.759,19.759,19.759,NA,NA,NA,NA,NA,NA,NA
Millones de pesos a precios de 2013|Total cultura|Subtotal de áreas generales y específicas|Artes escénicas y espectáculos|Espectáculos artísticos,16913.809,13995.629,13994.692,NA,0.138,0.138,NA,NA,0.799,2918.18,15528.558,12647.958,12647.374,NA,0.199,0.199,NA,NA,0.385,2880.6,16244.611,13520.457,13519.781,NA,0.15,0.15,NA,NA,0.526,2724.154,17168.732,14569.486,14568.017,NA,0.192,0.192,NA,NA,1.277,2599.246,17879.42,15061.953,15016.088,NA,0.139,0.139,NA,NA,45.726,2817.467,18738.346,15837.14,15836.418,NA,0.156,0.156,NA,NA,0.566,2901.206,18925.419,15637.555,15627.674,NA,0.147,0.147,NA,NA,9.734,3287.864,19392.23,15409.347,15408.445,NA,0.136,0.136,NA,NA,0.766,3982.883,21033.809,16162.79,16162.026,NA,0.142,0.142,NA,NA,0.622,4871.019,22037.67,16986.869,16986.14,NA,0.143,0.143,NA,NA,0.586,5050.801,22175.968,17057.15,17056.539,NA,0.104,0.104,NA,NA,0.507,5118.818,22177.834,16870.184,16869.518,NA,0.116,0.116,NA,NA,0.55,5307.65
Millones de pesos a precios de 2013|Total cultura|Subtotal de áreas generales y específicas|Artes escénicas y espectáculos|Espectáculos deportivos,8614.465,8506.068,8506.068,NA,NA,NA,NA,NA,NA,108.397,8304.223,8196.238,8196.238,NA,NA,NA,NA,NA,NA,107.985,8501.343,8399.548,8399.548,NA,NA,NA,NA,NA,NA,101.795,8163.948,8067.737,8067.737,NA,NA,NA,NA,NA,NA,96.211,8377.545,8272.795,8272.795,NA,NA,NA,NA,NA,NA,104.75,8601.987,8494.239,8494.239,NA,NA,NA,NA,NA,NA,107.748,8708.957,8587.197,8587.197,NA,NA,NA,NA,NA,NA,121.76,9418.227,9269.264,9269.264,NA,NA,NA,NA,NA,NA,148.963,10329.191,10145.902,10145.902,NA,NA,NA,NA,NA,NA,183.289,10574.827,10384.925,10384.925,NA,NA,NA,NA,NA,NA,189.902,11085.575,10894.535,10894.535,NA,NA,NA,NA,NA,NA,191.04,11520.758,11324.037,11324.037,NA,NA,NA,NA,NA,NA,196.721
Millones de pesos a precios de 2013|Total cultura|Subtotal de áreas generales y específicas|Artes escénicas y espectáculos|Teatros,132.149,119.814,119.814,NA,NA,NA,NA,NA,NA,12.335,132.713,120.332,120.332,NA,NA,NA,NA,NA,NA,12.381,134.42,122.869,122.869,NA,NA,NA,NA,NA,NA,11.551,137.216,126.336,126.336,NA,NA,NA,NA,NA,NA,10.88,137.927,126.12,126.12,NA,NA,NA,NA,NA,NA,11.807,138.927,126.833,126.833,NA,NA,NA,NA,NA,NA,12.094,141.322,127.491,127.491,NA,NA,NA,NA,NA,NA,13.831,142.968,125.986,125.986,NA,NA,NA,NA,NA,NA,16.982,143.661,122.856,122.856,NA,NA,NA,NA,NA,NA,20.805,143.51,122.082,122.082,NA,NA,NA,NA,NA,NA,21.428,144.514,122.773,122.773,NA,NA,NA,NA,NA,NA,21.741,144.566,121.911,121.911,NA,NA,NA,NA,NA,NA,22.655
"Millones de pesos a precios de 2013|Total cultura|Subtotal de áreas generales y específicas|Artes escénicas y espectáculos|Promotores, agentes y representantes",648.472,598.587,598.587,NA,NA,NA,NA,NA,NA,49.885,628.788,579.092,579.092,NA,NA,NA,NA,NA,NA,49.696,661.021,614.174,614.174,NA,NA,NA,NA,NA,NA,46.847,676.078,631.801,631.801,NA,NA,NA,NA,NA,NA,44.277,732.062,683.855,683.855,NA,NA,NA,NA,NA,NA,48.207,748.38,698.793,698.793,NA,NA,NA,NA,NA,NA,49.587,729.793,673.758,673.758,NA,NA,NA,NA,NA,NA,56.035,738.475,669.921,669.921,NA,NA,NA,NA,NA,NA,68.554,784.651,700.299,700.299,NA,NA,NA,NA,NA,NA,84.352,821.422,734.027,734.027,NA,NA,NA,NA,NA,NA,87.395,793.312,705.393,705.393,NA,NA,NA,NA,NA,NA,87.919,828.472,737.939,737.939,NA,NA,NA,NA,NA,NA,90.533
Millones de pesos a precios de 2013|Total cultura|Subtotal de áreas generales y específicas|Artes escénicas y espectáculos|Alquiler de espacios para espectáculos,NA,NA,NA,NA,NA,NA,NA,NA,NA,NA,NA,NA,NA,NA,NA,NA,NA,NA,NA,NA,NA,NA,NA,NA,NA,NA,NA,NA,NA,NA,NA,NA,NA,NA,NA,NA,NA,NA,NA,NA,NA,NA,NA,NA,NA,NA,NA,NA,NA,NA,NA,NA,NA,NA,NA,NA,NA,NA,NA,NA,NA,NA,NA,NA,NA,NA,NA,NA,NA,NA,NA,NA,NA,NA,NA,NA,NA,NA,NA,NA,NA,NA,NA,NA,NA,NA,NA,NA,NA,NA,NA,NA,NA,NA,NA,NA,NA,NA,NA,NA,NA,NA,NA,NA,NA,NA,NA,NA,NA,NA,NA,NA,NA,NA,NA,NA,NA,NA,NA,NA
Millones de pesos a precios de 2013|Total cultura|Subtotal de áreas generales y específicas|Artes escénicas y espectáculos|Gestión pública en artes escénicas y espectáculos,2915.207,2915.207,2011.96564211052,NA,903.2413862241942,903.2413862241942,NA,NA,NA,NA,2865.672,2865.672,1762.288570815669,NA,1103.3837465545992,1103.3837465545992,NA,NA,NA,NA,3009.071,3009.071,1919.488171931609,NA,1089.5828310120469,1089.5828310120469,NA,NA,NA,NA,3169.826,3169.826,1970.9389323810706,NA,1198.8868711154842,1198.8868711154842,NA,NA,NA,NA,3195.662,3195.662,1992.9000369871003,NA,1202.7622120243966,1202.7622120243966,NA,NA,NA,NA,2966.367,2966.367,1743.0837920653587,NA,1223.2836238622365,1223.2836238622365,NA,NA,NA,NA,2641.819,2641.819,1474.4168249506292,NA,1167.4020742855619,1167.4020742855619,NA,NA,NA,NA,2719.337,2719.337,1475.2844078276748,NA,1244.0527155025588,1244.0527155025588,NA,NA,NA,NA,2846.487,2846.487,1433.1994052129196,NA,1413.287161841274,1413.287161841274,NA,NA,NA,NA,2618.922,2618.922,1324.5784560167879,NA,1294.3431354387042,1294.3431354387042,NA,NA,NA,NA,2495.018,2495.018,1369.2535224541157,NA,1125.7641256058696,1125.7641256058696,NA,NA,NA,NA,2523.933,2523.933,1367.9663934468751,NA,1155.9661581473035,1155.9661581473035,NA,NA,NA,NA
Millones de pesos a precios de 2013|Total cultura|Subtotal de áreas generales y específicas|Música y conciertos,12855.091,12147.302,10733.56,NA,663.22,663.22,NA,NA,750.522,707.789,11720.908,11000.577,9456.078,NA,811.437,811.437,NA,NA,733.062,720.331,11346.935,10665.515,9234.072,NA,801.312,801.312,NA,NA,630.131,681.42,12366.875,11720.11,10131.025,NA,875.223,875.223,NA,NA,713.862,646.765,12255.725,11576.168,9811.264,NA,879.695,879.695,NA,NA,885.209,679.557,11100.241,10431.182,8655.097,NA,898.855,898.855,NA,NA,877.231,669.059,10621.965,9869.705,8328.473,NA,832.141,832.141,NA,NA,709.09,752.26,11192.182,10294.702,8623.342,NA,887.722,887.722,NA,NA,783.638,897.48,10848.936,9784.215,8095.967,NA,1033.747,1033.747,NA,NA,654.501,1064.721,10718.725,9625.72,8031.08,NA,983.039,983.039,NA,NA,611.6,1093.005,11357.433,10248.361,8706.452,NA,883.095,883.095,NA,NA,658.814,1109.072,11922.616,10773.714,9085.226,NA,925.617,925.617,NA,NA,762.871,1148.902
Millones de pesos a precios de 2013|Total cultura|Subtotal de áreas generales y específicas|Música y conciertos|Instrumentos musicales,3263.431,3263.431,2799.567,NA,NA,NA,NA,NA,463.864,NA,3109.428,3109.428,2641.57,NA,NA,NA,NA,NA,467.858,NA,2601.117,2601.117,2228.228,NA,NA,NA,NA,NA,372.889,NA,2796.231,2796.231,2376.078,NA,NA,NA,NA,NA,420.153,NA,3513.527,3513.527,2899.385,NA,NA,NA,NA,NA,614.142,NA,3275.553,3275.553,2698.911,NA,NA,NA,NA,NA,576.642,NA,3042.167,3042.167,2628.424,NA,NA,NA,NA,NA,413.743,NA,3484.011,3484.011,2970.228,NA,NA,NA,NA,NA,513.783,NA,3184.45,3184.45,2788.239,NA,NA,NA,NA,NA,396.211,NA,3174.876,3174.876,2804.122,NA,NA,NA,NA,NA,370.754,NA,3588.185,3588.185,3202.99,NA,NA,NA,NA,NA,385.195,NA,3608.647,3608.647,3166.86,NA,NA,NA,NA,NA,441.787,NA
Millones de pesos a precios de 2013|Total cultura|Subtotal de áreas generales y específicas|Música y conciertos|Música,4187.76,4144.033,4047.219,NA,NA,NA,NA,NA,96.814,43.727,3195.203,3141.89,3086.474,NA,NA,NA,NA,NA,55.416,53.313,3201.343,3148.427,3092.774,NA,NA,NA,NA,NA,55.653,52.916,3874.602,3824.656,3753.459,NA,NA,NA,NA,NA,71.197,49.946,2993.929,2956.646,2901.872,NA,NA,NA,NA,NA,54.774,37.283,2172.388,2160.201,2100.129,NA,NA,NA,NA,NA,60.072,12.187,2229.444,2216.435,2127.775,NA,NA,NA,NA,NA,88.66,13.009,2267.413,2251.556,2186.536,NA,NA,NA,NA,NA,65.02,15.857,2040.78,2020.166,1971.971,NA,NA,NA,NA,NA,48.195,20.614,1984.4,1962.866,1926.773,NA,NA,NA,NA,NA,36.093,21.534,2183.918,2160.947,2113.958,NA,NA,NA,NA,NA,46.989,22.971,2572.962,2548.776,2504.892,NA,NA,NA,NA,NA,43.884,24.186
Millones de pesos a precios de 2013|Total cultura|Subtotal de áreas generales y específicas|Música y conciertos|Conciertos,3032.597,2368.535,2368.535,NA,NA,NA,NA,NA,NA,664.062,3059.889,2392.871,2392.871,NA,NA,NA,NA,NA,NA,667.018,3087.188,2458.684,2458.684,NA,NA,NA,NA,NA,NA,628.504,3114.48,2517.661,2517.661,NA,NA,NA,NA,NA,NA,596.819,3150.876,2508.602,2508.602,NA,NA,NA,NA,NA,NA,642.274,3187.271,2530.399,2530.399,NA,NA,NA,NA,NA,NA,656.872,3222.334,2483.083,2483.083,NA,NA,NA,NA,NA,NA,739.251,3257.397,2375.774,2375.774,NA,NA,NA,NA,NA,NA,881.623,3292.461,2248.354,2248.354,NA,NA,NA,NA,NA,NA,1044.107,3327.524,2256.053,2256.053,NA,NA,NA,NA,NA,NA,1071.471,3359.397,2273.296,2273.296,NA,NA,NA,NA,NA,NA,1086.101,3391.272,2266.556,2266.556,NA,NA,NA,NA,NA,NA,1124.716
Millones de pesos a precios de 2013|Total cultura|Subtotal de áreas generales y específicas|Música y conciertos|Propiedad intelectual en música,230.763,230.763,40.919,NA,NA,NA,NA,NA,189.844,NA,248.95,248.95,39.162,NA,NA,NA,NA,NA,209.788,NA,244.325,244.325,42.736,NA,NA,NA,NA,NA,201.589,NA,267.496,267.496,44.984,NA,NA,NA,NA,NA,222.512,NA,260.1,260.1,43.807,NA,NA,NA,NA,NA,216.293,NA,285.377,285.377,44.86,NA,NA,NA,NA,NA,240.517,NA,244.892,244.892,38.205,NA,NA,NA,NA,NA,206.687,NA,242.916,242.916,38.081,NA,NA,NA,NA,NA,204.835,NA,249.186,249.186,39.091,NA,NA,NA,NA,NA,210.095,NA,242.883,242.883,38.13,NA,NA,NA,NA,NA,204.753,NA,268.74,268.74,42.11,NA,NA,NA,NA,NA,226.63,NA,328.746,328.746,51.546,NA,NA,NA,NA,NA,277.2,NA
Millones de pesos a precios de 2013|Total cultura|Subtotal de áreas generales y específicas|Música y conciertos|Gestión pública en música y conciertos,2140.54,2140.54,1477.3195273498,NA,663.2201414631342,663.2201414631342,NA,NA,NA,NA,2107.438,2107.438,1296.0011040378622,NA,811.4372284956312,811.4372284956312,NA,NA,NA,NA,2212.962,2212.962,1411.649627522674,NA,801.3121518771513,801.3121518771513,NA,NA,NA,NA,2314.066,2314.066,1438.8431473800097,NA,875.2225300580006,875.2225300580006,NA,NA,NA,NA,2337.293,2337.293,1457.5981287285451,NA,879.6948753147692,879.6948753147692,NA,NA,NA,NA,2179.652,2179.652,1280.797773999579,NA,898.8546331191764,898.8546331191764,NA,NA,NA,NA,1883.128,1883.128,1050.986142038457,NA,832.1414823126142,832.1414823126142,NA,NA,NA,NA,1940.445,1940.445,1052.722835898952,NA,887.7221881576497,887.7221881576497,NA,NA,NA,NA,2082.059,2082.059,1048.3119405770613,NA,1033.7471546761967,1033.7471546761967,NA,NA,NA,NA,1989.042,1989.042,1006.0024883423022,NA,983.0391013121013,983.0391013121013,NA,NA,NA,NA,1957.193,1957.193,1074.097941543192,NA,883.094993109252,883.094993109252,NA,NA,NA,NA,2020.989,2020.989,1095.371880138207,NA,925.6169084939767,925.6169084939767,NA,NA,NA,NA
"Millones de pesos a precios de 2013|Total cultura|Subtotal de áreas generales y específicas|Libros, impresiones y prensa",44088.283,43285.16,38282.833,NA,4266.684,4266.684,NA,NA,735.643,803.123,39559.265,38757.813,32606.753,NA,5494.067,5494.067,NA,NA,656.992,801.452,35045.371,34309.816,28861.631,NA,4743.825,4743.825,NA,NA,704.36,735.555,37681.008,36988.104,30641.236,NA,5673.708,5673.708,NA,NA,673.16,692.904,38519.97,37764.588,32061.711,NA,4981.421,4981.421,NA,NA,721.456,755.382,36962.188,36188.978,30437.463,NA,5122.049,5122.049,NA,NA,629.467,773.21,35771.749,34883.741,29208.573,NA,5108.682,5108.682,NA,NA,566.487,888.008,36457.297,35359.86,29290.101,NA,5534.345,5534.345,NA,NA,535.415,1097.437,35347.002,33993.967,27273.338,NA,6175.454,6175.454,NA,NA,545.174,1353.035,35449.573,34048.817,27483.669,NA,6047.275,6047.275,NA,NA,517.873,1400.756,32516.748,31120.715,25271.183,NA,5350.039,5350.039,NA,NA,499.492,1396.033,28480.296,27034.446,21727.513,NA,4779.537,4779.537,NA,NA,527.396,1445.85
"Millones de pesos a precios de 2013|Total cultura|Subtotal de áreas generales y específicas|Libros, impresiones y prensa|Agencias noticiosas",133.473,133.473,117.729,NA,15.744,15.744,NA,NA,NA,NA,147.945,147.945,130.443,NA,17.502,17.502,NA,NA,NA,NA,147.255,147.255,130.561,NA,16.694,16.694,NA,NA,NA,NA,145.881,145.881,129.384,NA,16.497,16.497,NA,NA,NA,NA,138.782,138.782,124.204,NA,14.578,14.578,NA,NA,NA,NA,142.452,142.452,129.03,NA,13.422,13.422,NA,NA,NA,NA,146.5,146.5,130.837,NA,15.663,15.663,NA,NA,NA,NA,152.667,152.667,136.256,NA,16.411,16.411,NA,NA,NA,NA,143.85,143.85,126.836,NA,17.014,17.014,NA,NA,NA,NA,134.205,134.205,118.062,NA,16.143,16.143,NA,NA,NA,NA,120.776,120.776,105.675,NA,15.101,15.101,NA,NA,NA,NA,111.113,111.113,98.321,NA,12.792,12.792,NA,NA,NA,NA
"Millones de pesos a precios de 2013|Total cultura|Subtotal de áreas generales y específicas|Libros, impresiones y prensa|Libros",22722.321,22126.509,20017.646,NA,1382.379,1382.379,NA,NA,726.484,595.812,20182.73,19597.166,17024.668,NA,1923.906,1923.906,NA,NA,648.592,585.564,16480.809,15959.606,13948.746,NA,1321.806,1321.806,NA,NA,689.054,521.203,17988.365,17490.806,15092.462,NA,1739.774,1739.774,NA,NA,658.57,497.559,18824.418,18286.976,16327.067,NA,1247.927,1247.927,NA,NA,711.982,537.442,18505.187,17954.035,15935.066,NA,1398.517,1398.517,NA,NA,620.452,551.152,18212.454,17571.552,15619.169,NA,1394.688,1394.688,NA,NA,557.695,640.902,18003.866,17212.198,15425.347,NA,1260.54,1260.54,NA,NA,526.311,791.668,17095.507,16111.03,14241.763,NA,1332.894,1332.894,NA,NA,536.373,984.477,17732.258,16712.591,14873.63,NA,1329.857,1329.857,NA,NA,509.104,1019.667,15177.581,14189.227,12714.813,NA,983.067,983.067,NA,NA,491.347,988.354,14552.992,13504.571,11731.03,NA,1253.936,1253.936,NA,NA,519.605,1048.421
"Millones de pesos a precios de 2013|Total cultura|Subtotal de áreas generales y específicas|Libros, impresiones y prensa|Periódicos",7727.109,7618.618,7369.861,NA,248.757,248.757,NA,NA,NA,108.491,6711.388,6601.772,6245.183,NA,356.589,356.589,NA,NA,NA,109.616,5811.368,5709.219,5452.752,NA,256.467,256.467,NA,NA,NA,102.149,6143.348,6049.822,5726.483,NA,323.339,323.339,NA,NA,NA,93.526,6074.972,5975.511,5747.159,NA,228.352,228.352,NA,NA,NA,99.461,5856.284,5754.504,5499.129,NA,255.375,255.375,NA,NA,NA,101.78,5631.514,5519.923,5279.541,NA,240.382,240.382,NA,NA,NA,111.591,5692.679,5552.559,5331.341,NA,221.218,221.218,NA,NA,NA,140.12,5206.327,5034.642,4803.861,NA,230.781,230.781,NA,NA,NA,171.685,4997.097,4825.313,4602.88,NA,222.433,222.433,NA,NA,NA,171.784,4491.767,4326.886,4164.129,NA,162.757,162.757,NA,NA,NA,164.881,3748.948,3597.262,3417.385,NA,179.877,179.877,NA,NA,NA,151.686
"Millones de pesos a precios de 2013|Total cultura|Subtotal de áreas generales y específicas|Libros, impresiones y prensa|Revistas",4703.192,4610.056,4393.966,NA,216.09,216.09,NA,NA,NA,93.136,3941.741,3846.656,3534.249,NA,312.407,312.407,NA,NA,NA,95.085,3365.806,3273.209,3038.376,NA,234.833,234.833,NA,NA,NA,92.597,3476.391,3390.308,3089.309,NA,300.999,300.999,NA,NA,NA,86.083,3428.257,3334.385,3116.417,NA,217.968,217.968,NA,NA,NA,93.872,3397.892,3301.164,3055.722,NA,245.442,245.442,NA,NA,NA,96.728,3088.797,2982.967,2752.668,NA,230.299,230.299,NA,NA,NA,105.83,2904.138,2770.273,2557.126,NA,213.147,213.147,NA,NA,NA,133.865,2826.997,2662.365,2439.468,NA,222.897,222.897,NA,NA,NA,164.632,2837.951,2666.525,2442.95,NA,223.575,223.575,NA,NA,NA,171.426,2516.154,2352.487,2189.696,NA,162.791,162.791,NA,NA,NA,163.667,1999.817,1848.085,1666.609,NA,181.476,181.476,NA,NA,NA,151.732
"Millones de pesos a precios de 2013|Total cultura|Subtotal de áreas generales y específicas|Libros, impresiones y prensa|Otros productos editoriales e impresos",431.416,425.736,441.531,NA,-15.818,-15.818,NA,NA,0.023,5.68,503.905,492.722,496.863,NA,-4.154,-4.154,NA,NA,0.013,11.183,755.781,736.179,711.527,NA,17.873,17.873,NA,NA,6.779,19.602,772.854,757.121,735.412,NA,15.919,15.919,NA,NA,5.79,15.733,864.846,840.242,811.335,NA,28.888,28.888,NA,NA,0.019,24.604,792.861,769.314,740.802,NA,28.477,28.477,NA,NA,0.035,23.547,848.581,818.9,785.789,NA,33.084,33.084,NA,NA,0.027,29.681,727.652,695.873,673.271,NA,22.583,22.583,NA,NA,0.019,31.779,662.516,630.282,616.801,NA,13.465,13.465,NA,NA,0.016,32.234,664.042,626.17,605.817,NA,20.348,20.348,NA,NA,0.005,37.872,1048.289,969.165,913.786,NA,55.301,55.301,NA,NA,0.078,79.124,1048.482,954.479,870.986,NA,83.493,83.493,NA,NA,NS,94.003
"Millones de pesos a precios de 2013|Total cultura|Subtotal de áreas generales y específicas|Libros, impresiones y prensa|Publicaciones digitales",516.074,516.07,514.246,NA,NA,NA,NA,NA,1.824,0.004,509.706,509.702,508.002,NA,NA,NA,NA,NA,1.7,0.004,431.469,431.465,429.778,NA,NA,NA,NA,NA,1.687,0.004,412.738,412.735,410.921,NA,NA,NA,NA,NA,1.814,0.003,468.254,468.251,466.308,NA,NA,NA,NA,NA,1.943,0.003,434.177,434.174,432.251,NA,NA,NA,NA,NA,1.923,0.003,495.536,495.532,493.589,NA,NA,NA,NA,NA,1.943,0.004,534.403,534.398,532.312,NA,NA,NA,NA,NA,2.086,0.005,500.726,500.719,498.74,NA,NA,NA,NA,NA,1.979,0.007,376.433,376.426,374.416,NA,NA,NA,NA,NA,2.01,0.007,249.432,249.425,247.606,NA,NA,NA,NA,NA,1.819,0.007,207.842,207.834,206.14,NA,NA,NA,NA,NA,1.694,0.008
"Millones de pesos a precios de 2013|Total cultura|Subtotal de áreas generales y específicas|Libros, impresiones y prensa|Propiedad intelectual en libros",253.802,253.802,182.003,NA,64.487,64.487,NA,NA,7.312,NA,247.888,247.888,169.514,NA,71.687,71.687,NA,NA,6.687,NA,243.503,243.503,168.283,NA,68.38,68.38,NA,NA,6.84,NA,255.303,255.303,180.748,NA,67.569,67.569,NA,NA,6.986,NA,260.764,260.764,193.541,NA,59.711,59.711,NA,NA,7.512,NA,253.42,253.42,191.386,NA,54.977,54.977,NA,NA,7.057,NA,264.278,264.278,193.302,NA,64.154,64.154,NA,NA,6.822,NA,281.543,281.543,207.326,NA,67.218,67.218,NA,NA,6.999,NA,273.223,273.223,196.729,NA,69.688,69.688,NA,NA,6.806,NA,272.611,272.611,199.735,NA,66.122,66.122,NA,NA,6.754,NA,248.901,248.901,180.801,NA,61.852,61.852,NA,NA,6.248,NA,226.926,226.926,168.432,NA,52.397,52.397,NA,NA,6.097,NA
"Millones de pesos a precios de 2013|Total cultura|Subtotal de áreas generales y específicas|Libros, impresiones y prensa|Gestión pública en libros, impresiones y prensa",7600.896,7600.896,5245.851018933555,NA,2355.045059962742,2355.045059962742,NA,NA,NA,NA,7313.962,7313.962,4497.831398614919,NA,2816.130196927744,2816.130196927744,NA,NA,NA,NA,7809.38,7809.38,4981.6078694557345,NA,2827.7717387189327,2827.7717387189327,NA,NA,NA,NA,8486.128,8486.128,5276.517015018573,NA,3209.6108461772183,3209.6108461772183,NA,NA,NA,NA,8459.677,8459.677,5275.679817103135,NA,3183.9972948891586,3183.9972948891586,NA,NA,NA,NA,7579.915,7579.915,4454.076560554753,NA,3125.8387811060343,3125.8387811060343,NA,NA,NA,NA,7084.089,7084.089,3953.6777734473912,NA,3130.41166898903,3130.41166898903,NA,NA,NA,NA,8160.349,8160.349,4427.121617414541,NA,3733.2277361450765,3733.2277361450765,NA,NA,NA,NA,8637.856,8637.856,4349.140315671261,NA,4288.715269367104,4288.715269367104,NA,NA,NA,NA,8434.976,8434.976,4266.1786822650365,NA,4168.7973006520815,4168.7973006520815,NA,NA,NA,NA,8663.848,8663.848,4754.677371056973,NA,3909.1703073163635,3909.1703073163635,NA,NA,NA,NA,6584.176,6584.176,3568.6103285319946,NA,3015.5658729332067,3015.5658729332067,NA,NA,NA,NA
Millones de pesos a precios de 2013|Total cultura|Subtotal de áreas generales y específicas|Medios audiovisuales,224520.482,224433.203,213848.948,NA,1919.356,1919.356,NA,NA,8664.9,87.279,231833.262,231755.959,223252.473,NA,2295.851,2295.851,NA,NA,6207.635,77.303,237301.253,237232.892,228757.254,NA,2306.65,2306.65,NA,NA,6168.987,68.361,242963.907,242894.035,233186.017,NA,2633.974,2633.974,NA,NA,7074.044,69.872,278085.575,277996.28,269139.771,NA,2822.464,2822.464,NA,NA,6034.044,89.295,292258.129,292145.009,284750.407,NA,2774.068,2774.068,NA,NA,4620.534,113.12,295891.322,295766.938,287918.926,NA,3385.089,3385.089,NA,NA,4462.923,124.384,342115.552,341968.655,332342.277,NA,3824.065,3824.065,NA,NA,5802.313,146.897,377915.529,377739.479,368291.961,NA,4024.63,4024.63,NA,NA,5422.888,176.05,411549.275,411369.107,402680.279,NA,3555.994,3555.994,NA,NA,5132.834,180.168,425432.756,425255.175,416076.632,NA,3615.708,3615.708,NA,NA,5562.835,177.581,442306.662,442115.686,433241.91,NA,3168.628,3168.628,NA,NA,5705.147,190.976
Millones de pesos a precios de 2013|Total cultura|Subtotal de áreas generales y específicas|Medios audiovisuales|Cine,18504.874,18449.788,18166.778,NA,NA,NA,NA,NA,283.01,55.086,16674.829,16629.469,16262.59,NA,NA,NA,NA,NA,366.879,45.36,17731.212,17695.246,16989.109,NA,22.018,22.018,NA,NA,684.119,35.966,19375.163,19339.329,18645.949,NA,89.501,89.501,NA,NA,603.879,35.834,22572.266,22516.04,21011.394,NA,235.648,235.648,NA,NA,1268.998,56.226,23631.983,23553.256,22310.485,NA,205.711,205.711,NA,NA,1037.06,78.727,24016.772,23926.231,22935.368,NA,374.097,374.097,NA,NA,616.766,90.541,26880.337,26766.901,25786.469,NA,417.544,417.544,NA,NA,562.888,113.436,30838.127,30695.986,29641.504,NA,425.652,425.652,NA,NA,628.83,142.141,32875.992,32729.839,31661.239,NA,459.449,459.449,NA,NA,609.151,146.153,33027.119,32882.659,31790.413,NA,414.996,414.996,NA,NA,677.25,144.46,35710.375,35550.901,34623.542,NA,172.918,172.918,NA,NA,754.441,159.474
Millones de pesos a precios de 2013|Total cultura|Subtotal de áreas generales y específicas|Medios audiovisuales|Internet,137125.361,137125.361,137125.361,NA,NA,NA,NA,NA,NA,NA,150938.829,150938.829,150938.829,NA,NA,NA,NA,NA,NA,NA,148789.355,148789.355,148789.355,NA,NA,NA,NA,NA,NA,NA,146010.942,146010.942,146010.942,NA,NA,NA,NA,NA,NA,NA,179430.044,179430.044,179430.044,NA,NA,NA,NA,NA,NA,NA,192935.752,192935.752,192935.752,NA,NA,NA,NA,NA,NA,NA,200088.39,200088.39,200088.39,NA,NA,NA,NA,NA,NA,NA,235722.871,235722.871,235722.871,NA,NA,NA,NA,NA,NA,NA,275313.288,275313.288,275313.288,NA,NA,NA,NA,NA,NA,NA,303860.223,303860.223,303860.223,NA,NA,NA,NA,NA,NA,NA,314092.351,314092.351,314092.351,NA,NA,NA,NA,NA,NA,NA,335346.663,335346.663,335346.663,NA,NA,NA,NA,NA,NA,NA
Millones de pesos a precios de 2013|Total cultura|Subtotal de áreas generales y específicas|Medios audiovisuales|Radio,14149.544,14149.544,10495.973,NA,88.631,88.631,NA,NA,3564.94,NA,10649.806,10649.806,8525.329,NA,81.392,81.392,NA,NA,2043.085,NA,12909.658,12909.658,10498.398,NA,83.217,83.217,NA,NA,2328.043,NA,15252.768,15252.768,12490.341,NA,76.263,76.263,NA,NA,2686.164,NA,14482.627,14482.627,12040.904,NA,98.103,98.103,NA,NA,2343.62,NA,14465.036,14465.036,12788.762,NA,84.769,84.769,NA,NA,1591.505,NA,15187.864,15187.864,13468.899,NA,84.472,84.472,NA,NA,1634.493,NA,18781.575,18781.575,16092.255,NA,76.45,76.45,NA,NA,2612.87,NA,17784.179,17784.179,15173.323,NA,69.391,69.391,NA,NA,2541.465,NA,16849.51,16849.51,14479.426,NA,63.403,63.403,NA,NA,2306.681,NA,16121.154,16121.154,13629.637,NA,65.528,65.528,NA,NA,2425.989,NA,14551.949,14551.949,12337.303,NA,67.593,67.593,NA,NA,2147.053,NA
Millones de pesos a precios de 2013|Total cultura|Subtotal de áreas generales y específicas|Medios audiovisuales|Televisión,35265.418,35265.418,34359.132,NA,NA,NA,NA,NA,906.286,NA,37180.86,37180.86,36597.644,NA,NA,NA,NA,NA,583.216,NA,41741.017,41741.017,40921.667,NA,5.081,5.081,NA,NA,814.269,NA,45455.137,45455.137,44241.214,NA,20.655,20.655,NA,NA,1193.268,NA,44391.217,44391.217,43357.482,NA,54.383,54.383,NA,NA,979.352,NA,44613.078,44613.078,43728.283,NA,47.474,47.474,NA,NA,837.321,NA,42835.838,42835.838,41766.736,NA,86.334,86.334,NA,NA,982.768,NA,46367.433,46367.433,44981.416,NA,96.361,96.361,NA,NA,1289.656,NA,39784.116,39784.116,38867.835,NA,98.232,98.232,NA,NA,818.049,NA,43291.122,43291.122,42253.768,NA,106.032,106.032,NA,NA,931.322,NA,45554.407,45554.407,44232.27,NA,95.773,95.773,NA,NA,1226.364,NA,40143.329,40143.329,38588.22,NA,39.906,39.906,NA,NA,1515.203,NA
Millones de pesos a precios de 2013|Total cultura|Subtotal de áreas generales y específicas|Medios audiovisuales|Videojuegos,12686.358,12654.165,9623.573,NA,NA,NA,NA,NA,3030.592,32.193,9736.72,9704.777,7379.127,NA,NA,NA,NA,NA,2325.65,31.943,9203.155,9170.76,7685.089,NA,NA,NA,NA,NA,1485.671,32.395,9434.172,9400.134,7763.442,NA,NA,NA,NA,NA,1636.692,34.038,9679.204,9646.135,9255.531,NA,NA,NA,NA,NA,390.604,33.069,9549.616,9515.223,9502.274,NA,NA,NA,NA,NA,12.949,34.393,6103.608,6069.765,6061.782,NA,NA,NA,NA,NA,7.983,33.843,5950.221,5916.76,5910.87,NA,NA,NA,NA,NA,5.89,33.461,5839.557,5805.648,5801.144,NA,NA,NA,NA,NA,4.504,33.909,7461.146,7427.131,7420.825,NA,NA,NA,NA,NA,6.306,34.015,8672.235,8639.114,8632.919,NA,NA,NA,NA,NA,6.195,33.121,8965.084,8933.582,8924.294,NA,NA,NA,NA,NA,9.288,31.502
Millones de pesos a precios de 2013|Total cultura|Subtotal de áreas generales y específicas|Medios audiovisuales|Propiedad intelectual en medios audiovisuales,927.717,927.717,32.945,NA,14.7,14.7,NA,NA,880.072,NA,943.337,943.337,38.191,NA,16.341,16.341,NA,NA,888.805,NA,904.453,904.453,31.942,NA,15.626,15.626,NA,NA,856.885,NA,1005.588,1005.588,35.989,NA,15.558,15.558,NA,NA,954.041,NA,1099.612,1099.612,34.12,NA,14.022,14.022,NA,NA,1051.47,NA,1186.535,1186.535,31.946,NA,12.89,12.89,NA,NA,1141.699,NA,1266.108,1266.108,29.919,NA,15.276,15.276,NA,NA,1220.913,NA,1379.729,1379.729,32.67,NA,16.05,16.05,NA,NA,1331.009,NA,1478.695,1478.695,32.028,NA,16.627,16.627,NA,NA,1430.04,NA,1320.802,1320.802,25.555,NA,15.873,15.873,NA,NA,1279.374,NA,1262.129,1262.129,20.27,NA,14.822,14.822,NA,NA,1227.037,NA,1309.887,1309.887,18.48,NA,12.245,12.245,NA,NA,1279.162,NA
Millones de pesos a precios de 2013|Total cultura|Subtotal de áreas generales y específicas|Medios audiovisuales|Gestión pública en audiovisuales,5861.21,5861.21,4045.185750267493,NA,1816.0246418389188,1816.0246418389188,NA,NA,NA,NA,5708.881,5708.881,3510.762766976241,NA,2198.1181965548917,2198.1181965548917,NA,NA,NA,NA,6022.403,6022.403,3841.694130022701,NA,2180.7083926233427,2180.7083926233427,NA,NA,NA,NA,6430.137,6430.137,3998.139727960894,NA,2431.9968264804597,2431.9968264804597,NA,NA,NA,NA,6430.605,6430.605,4010.2962224177963,NA,2420.308427832866,2420.308427832866,NA,NA,NA,NA,5876.129,5876.129,3452.90503285823,NA,2423.2238293273003,2423.2238293273003,NA,NA,NA,NA,6392.742,6392.742,3567.8322400876677,NA,2824.9099490035424,2824.9099490035424,NA,NA,NA,NA,7033.386,7033.386,3815.725675683688,NA,3217.6601767498737,3217.6601767498737,NA,NA,NA,NA,6877.567,6877.567,3462.8391386845606,NA,3414.72797185352,3414.72797185352,NA,NA,NA,NA,5890.48,5890.48,2979.242750017365,NA,2911.237446731981,2911.237446731981,NA,NA,NA,NA,6703.361,6703.361,3678.771682926547,NA,3024.5890326509775,3024.5890326509775,NA,NA,NA,NA,6279.375,6279.375,3403.4084913213555,NA,2875.9661473887245,2875.9661473887245,NA,NA,NA,NA
Millones de pesos a precios de 2013|Total cultura|Subtotal de áreas generales y específicas|Artesanías,128619.665,118401.694,94914.665,NA,2858.553,2858.553,NA,NA,20628.476,10217.971,121066.619,110812.554,88441.505,NA,2716.314,2716.314,NA,NA,19654.735,10254.065,130420.285,120515.887,96489.56,NA,2956.113,2956.113,NA,NA,21070.214,9904.398,130073.126,120628.32,96453.851,NA,2979.714,2979.714,NA,NA,21194.755,9444.806,136476.145,126023.954,101205.71,NA,3153.692,3153.692,NA,NA,21664.552,10452.191,136838.617,126160.694,101996.16,NA,3253.243,3253.243,NA,NA,20911.291,10677.923,135052.873,123059.672,99387.688,NA,3171.185,3171.185,NA,NA,20500.8,11993.201,141558.624,127224.845,102400.019,NA,3250.268,3250.268,NA,NA,21574.558,14333.779,148772.354,130712.463,105713.866,NA,3372.953,3372.953,NA,NA,21625.644,18059.891,149628.81,130960.777,106355.874,NA,3397.563,3397.563,NA,NA,21207.34,18668.033,156935.416,137582.694,111750.209,NA,3599.987,3599.987,NA,NA,22232.498,19352.722,156767.242,136785.409,111565.528,NA,3613.154,3613.154,NA,NA,21606.727,19981.833
Millones de pesos a precios de 2013|Total cultura|Subtotal de áreas generales y específicas|Artesanías|Alfarería y cerámica,2220.203,2091.612,1776.057,NA,18.62,18.62,NA,NA,296.935,128.591,1990.617,1861.234,1581.024,NA,16.575,16.575,NA,NA,263.635,129.383,2456.684,2333.126,1981.668,NA,20.775,20.775,NA,NA,330.683,123.558,2594.615,2476.993,2103.997,NA,22.058,22.058,NA,NA,350.938,117.622,2563.654,2435.519,2068.143,NA,21.682,21.682,NA,NA,345.694,128.135,2412.388,2280.858,1937.631,NA,20.314,20.314,NA,NA,322.913,131.53,2412.033,2260.846,1920.239,NA,20.131,20.131,NA,NA,320.476,151.187,2401.194,2213.816,1880.579,NA,19.716,19.716,NA,NA,313.521,187.378,1929.255,1702.422,1445.781,NA,15.157,15.157,NA,NA,241.484,226.833,2682.404,2440.647,2073.015,NA,21.733,21.733,NA,NA,345.899,241.757,2068.401,1829.694,1554.355,NA,16.296,16.296,NA,NA,259.043,238.707,3844.501,3580.948,3043.234,NA,31.905,31.905,NA,NA,505.809,263.553
Millones de pesos a precios de 2013|Total cultura|Subtotal de áreas generales y específicas|Artesanías|Fibras vegetales y textiles,37827.459,33532.087,27761.59,NA,693.909,693.909,NA,NA,5076.588,4295.372,34938.076,30604.585,25242.058,NA,630.933,630.933,NA,NA,4731.594,4333.491,37377.26,33177.813,27674.145,NA,691.723,691.723,NA,NA,4811.945,4199.447,37645.09,33640.929,28027.37,NA,700.552,700.552,NA,NA,4913.007,4004.161,39303.628,34736.004,29294.682,NA,732.229,732.229,NA,NA,4709.093,4567.624,40725.257,36097.928,30616.231,NA,765.262,765.262,NA,NA,4716.435,4627.329,39620.401,34501.491,29255.035,NA,731.238,731.238,NA,NA,4515.218,5118.91,42099.305,35989.886,30519.103,NA,762.834,762.834,NA,NA,4707.949,6109.419,46604.745,38565.549,32699.532,NA,817.334,817.334,NA,NA,5048.683,8039.196,45739.347,37425.866,31723.49,NA,792.938,792.938,NA,NA,4909.438,8313.481,49490.949,40757.994,34549.301,NA,863.57,863.57,NA,NA,5345.123,8732.955,48595.004,39532.451,33500.905,NA,837.365,837.365,NA,NA,5194.181,9062.553
"Millones de pesos a precios de 2013|Total cultura|Subtotal de áreas generales y específicas|Artesanías|Madera, maque y laca, instrumentos musicales y juguetería",31909.916,30674.318,21186.306,NA,262.833,262.833,NA,NA,9225.179,1235.598,30561.744,29343.768,20110.317,NA,249.485,249.485,NA,NA,8983.966,1217.976,32993.007,31804.432,21765.278,NA,270.016,270.016,NA,NA,9769.138,1188.575,33122.268,32005.279,21845.266,NA,271.008,271.008,NA,NA,9889.005,1116.989,34789.483,33573.989,23010.25,NA,285.461,285.461,NA,NA,10278.278,1215.494,31771.021,30512.932,20927.987,NA,259.628,259.628,NA,NA,9325.317,1258.089,32106.893,30650.869,21140.081,NA,262.26,262.26,NA,NA,9248.528,1456.024,34486.197,32711.023,22390.982,NA,277.778,277.778,NA,NA,10042.263,1775.174,32787.443,30600.826,20924.739,NA,259.588,259.588,NA,NA,9416.499,2186.617,30933.087,28685.141,19742.35,NA,244.92,244.92,NA,NA,8697.871,2247.946,32911.891,30547.526,21100.753,NA,261.772,261.772,NA,NA,9185.001,2364.365,30672.755,28358.136,19684.602,NA,244.203,244.203,NA,NA,8429.331,2314.619
"Millones de pesos a precios de 2013|Total cultura|Subtotal de áreas generales y específicas|Artesanías|Cartón y papel, plástica popular, cerería y pirotecnia",3764.714,3485.681,2963.238,NA,5.964,5.964,NA,NA,516.479,279.033,3942.044,3657.761,3109.525,NA,6.259,6.259,NA,NA,541.977,284.283,3874.68,3603.364,3063.281,NA,6.166,6.166,NA,NA,533.917,271.316,3256.071,2989.468,2541.398,NA,5.115,5.115,NA,NA,442.955,266.603,3479.929,3190.13,2711.985,NA,5.458,5.458,NA,NA,472.687,289.799,3383.485,3088.201,2625.333,NA,5.284,5.284,NA,NA,457.584,295.284,3519.856,3187.322,2709.597,NA,5.454,5.454,NA,NA,472.271,332.534,3563.324,3175.248,2699.333,NA,5.433,5.433,NA,NA,470.482,388.076,3710.137,3194.948,2716.08,NA,5.467,5.467,NA,NA,473.401,515.189,3838.353,3297.988,2803.676,NA,5.643,5.643,NA,NA,488.669,540.365,4466.485,3889.758,3306.75,NA,6.656,6.656,NA,NA,576.352,576.727,3853.234,3263.006,2773.938,NA,5.583,5.583,NA,NA,483.485,590.228
"Millones de pesos a precios de 2013|Total cultura|Subtotal de áreas generales y específicas|Artesanías|Metalistería, joyería y orfebrería",2496.205,2151.139,1789.787,NA,20.352,20.352,NA,NA,341,345.066,2339.778,1996.349,1640.146,NA,18.65,18.65,NA,NA,337.553,343.429,2450.673,2108.589,1722.266,NA,19.584,19.584,NA,NA,366.739,342.084,2473.785,2130.728,1753.337,NA,19.937,19.937,NA,NA,357.454,343.057,2520.311,2148.549,1765.324,NA,20.074,20.074,NA,NA,363.151,371.762,2585.969,2195.104,1803.021,NA,20.502,20.502,NA,NA,371.581,390.865,2622.974,2175.62,1773.223,NA,20.163,20.163,NA,NA,382.234,447.354,2727.02,2210.003,1785.555,NA,20.304,20.304,NA,NA,404.144,517.017,5192.39,4487.774,3728.852,NA,42.401,42.401,NA,NA,716.521,704.616,5675.11,4919.591,4083.027,NA,46.428,46.428,NA,NA,790.136,755.519,7469.627,6658.024,5551.49,NA,63.126,63.126,NA,NA,1043.408,811.603,7564.2,6732.841,5637.272,NA,64.101,64.101,NA,NA,1031.468,831.359
"Millones de pesos a precios de 2013|Total cultura|Subtotal de áreas generales y específicas|Artesanías|Lapidaria, cantería y vidrio",5594.451,5467.972,4648.417,NA,4.778,4.778,NA,NA,814.777,126.479,4996.758,4869.231,4139.417,NA,4.254,4.254,NA,NA,725.56,127.527,5429.949,5306.762,4511.369,NA,4.637,4.637,NA,NA,790.756,123.187,5296.473,5186.79,4409.379,NA,4.532,4.532,NA,NA,772.879,109.683,5192.693,5077.568,4316.528,NA,4.436,4.436,NA,NA,756.604,115.125,5988.945,5871.22,4991.225,NA,5.13,5.13,NA,NA,874.865,117.725,6458.096,6328.674,5380.114,NA,5.53,5.53,NA,NA,943.03,129.422,6937.589,6805.813,5785.739,NA,5.946,5.946,NA,NA,1014.128,131.776,6522.652,6381.875,5425.342,NA,5.576,5.576,NA,NA,950.957,140.777,7743.244,7578.248,6442.399,NA,6.621,6.621,NA,NA,1129.228,164.996,6009.649,5854.368,4976.899,NA,5.115,5.115,NA,NA,872.354,155.281,6134.587,5915.951,5029.252,NA,5.169,5.169,NA,NA,881.53,218.636
Millones de pesos a precios de 2013|Total cultura|Subtotal de áreas generales y específicas|Artesanías|Talabartería y marroquinería,9530.272,8268.705,7029.368,NA,3.057,3.057,NA,NA,1236.28,1261.567,8661.042,7427.436,6314.191,NA,2.746,2.746,NA,NA,1110.499,1233.606,9393.823,8199.224,6970.302,NA,3.031,3.031,NA,NA,1225.891,1194.599,9378.348,8242.563,7007.145,NA,3.047,3.047,NA,NA,1232.371,1135.785,9725.71,8492.796,7219.872,NA,3.14,3.14,NA,NA,1269.784,1232.914,9355.456,8115.264,6898.926,NA,3,3,NA,NA,1213.338,1240.192,9476.587,8064.13,6855.456,NA,2.981,2.981,NA,NA,1205.693,1412.457,9509.906,7832.968,6658.941,NA,2.896,2.896,NA,NA,1171.131,1676.938,9526.926,7516.654,6390.037,NA,2.779,2.779,NA,NA,1123.838,2010.272,9299.771,7257.27,6169.53,NA,2.683,2.683,NA,NA,1085.057,2042.501,8703.576,6703.923,5699.121,NA,2.478,2.478,NA,NA,1002.324,1999.653,8507.93,6470.737,5500.885,NA,2.392,2.392,NA,NA,967.46,2037.193
Millones de pesos a precios de 2013|Total cultura|Subtotal de áreas generales y específicas|Artesanías|Alimentos y dulces típicos,34872.666,32326.401,27481.229,NA,1723.934,1723.934,NA,NA,3121.238,2546.265,33240.334,30655.964,26061.162,NA,1634.851,1634.851,NA,NA,2959.951,2584.37,36029.903,33568.271,28536.965,NA,1790.161,1790.161,NA,NA,3241.145,2461.632,35867.404,33516.498,28492.952,NA,1787.4,1787.4,NA,NA,3236.146,2350.906,38462.19,35930.852,30545.436,NA,1916.155,1916.155,NA,NA,3469.261,2531.338,40204.834,37587.925,31954.142,NA,2004.525,2004.525,NA,NA,3629.258,2616.909,38297.094,35351.781,30053.157,NA,1885.274,1885.274,NA,NA,3413.35,2945.313,39289.097,35741.096,30384.12,NA,1906.036,1906.036,NA,NA,3450.94,3548.001,42083.267,37846.876,32174.28,NA,2018.335,2018.335,NA,NA,3654.261,4236.391,43314.271,38952.803,33114.448,NA,2077.313,2077.313,NA,NA,3761.042,4361.468,45371.787,40898.356,34768.396,NA,2181.067,2181.067,NA,NA,3948.893,4473.431,47266.489,42602.797,36217.371,NA,2271.963,2271.963,NA,NA,4113.463,4663.692
Millones de pesos a precios de 2013|Total cultura|Subtotal de áreas generales y específicas|Artesanías|Gestión pública en artesanías,403.779,403.779,278.6732712311741,NA,125.10612832654417,125.10612832654417,NA,NA,NA,NA,396.226,396.226,243.66529523007455,NA,152.56089769217135,152.56089769217135,NA,NA,NA,NA,414.306,414.306,264.2861332218115,NA,150.02000921072013,150.02000921072013,NA,NA,NA,NA,439.072,439.072,273.0066789927462,NA,166.06507578387024,166.06507578387024,NA,NA,NA,NA,438.547,438.547,273.4896044273175,NA,165.0574316231029,165.0574316231029,NA,NA,NA,NA,411.262,411.262,241.66402084423598,NA,169.59806552109305,169.59806552109305,NA,NA,NA,NA,538.939,538.939,300.78550123187904,NA,238.1535615377123,238.1535615377123,NA,NA,NA,NA,544.992,544.992,295.66671623573694,NA,249.32479409743615,249.32479409743615,NA,NA,NA,NA,415.539,415.539,209.22295641380816,NA,206.31610450478996,206.31610450478996,NA,NA,NA,NA,403.223,403.223,203.93894494962083,NA,199.28375872724294,199.28375872724294,NA,NA,NA,NA,443.051,443.051,243.14410533599775,NA,199.9066693282679,199.9066693282679,NA,NA,NA,NA,328.542,328.542,178.06916657627943,NA,150.47294389521699,150.47294389521699,NA,NA,NA,NA
Millones de pesos a precios de 2013|Total cultura|Subtotal de áreas generales y específicas|Diseño y servicios creativos,13895.937,13895.905,8946.101,NA,523.265,523.265,NA,NA,4426.539,0.032,12965.099,12965.068,8005.543,NA,633.741,633.741,NA,NA,4325.784,0.031,13102.445,13102.424,8043.191,NA,628.143,628.143,NA,NA,4431.09,0.021,13726.766,13726.724,8410.397,NA,698.603,698.603,NA,NA,4617.724,0.042,14192.831,14192.728,8705.198,NA,697.895,697.895,NA,NA,4789.635,0.103,15124.297,15124.177,8961.366,NA,698.669,698.669,NA,NA,5464.142,0.12,15479.184,15479.181,8942.968,NA,525.522,525.522,NA,NA,6010.691,0.003,17505.063,17504.849,10510.495,NA,632.789,632.789,NA,NA,6361.565,0.214,16519.998,16519.906,8774.64,NA,723.906,723.906,NA,NA,7021.36,0.092,16912.12,16912.065,9726.164,NA,718.422,718.422,NA,NA,6467.479,0.055,17012.111,17012.059,9977.503,NA,819.277,819.277,NA,NA,6215.279,0.052,16788.824,16788.658,9176.522,NA,783.89,783.89,NA,NA,6828.246,0.166
Millones de pesos a precios de 2013|Total cultura|Subtotal de áreas generales y específicas|Diseño y servicios creativos|Arquitectónico,5761.963,5761.931,5639.513,NA,NA,NA,NA,NA,122.418,0.032,4967.611,4967.58,4816.37,NA,NA,NA,NA,NA,151.21,0.031,5034.052,5034.031,4870.042,NA,NA,NA,NA,NA,163.989,0.021,5221.091,5221.049,5085.904,NA,NA,NA,NA,NA,135.145,0.042,5625.883,5625.78,5447.181,NA,NA,NA,NA,NA,178.599,0.103,5949.202,5949.082,5799.452,NA,NA,NA,NA,NA,149.63,0.12,6152.709,6152.706,6006.531,NA,NA,NA,NA,NA,146.175,0.003,7326.863,7326.649,7139.917,NA,NA,NA,NA,NA,186.732,0.214,5582.467,5582.375,5390.406,NA,NA,NA,NA,NA,191.969,0.092,6439.333,6439.278,6270.049,NA,NA,NA,NA,NA,169.229,0.055,6322.44,6322.388,6141.668,NA,NA,NA,NA,NA,180.72,0.052,5416.156,5415.99,5243.129,NA,NA,NA,NA,NA,172.861,0.166
Millones de pesos a precios de 2013|Total cultura|Subtotal de áreas generales y específicas|Diseño y servicios creativos|Gráfico,0.289,0.289,0.289,NA,NA,NA,NA,NA,NA,NA,0.261,0.261,0.261,NA,NA,NA,NA,NA,NA,NA,0.251,0.251,0.251,NA,NA,NA,NA,NA,NA,NA,0.256,0.256,0.256,NA,NA,NA,NA,NA,NA,NA,0.264,0.264,0.264,NA,NA,NA,NA,NA,NA,NA,0.258,0.258,0.258,NA,NA,NA,NA,NA,NA,NA,0.225,0.225,0.225,NA,NA,NA,NA,NA,NA,NA,0.235,0.235,0.235,NA,NA,NA,NA,NA,NA,NA,0.236,0.236,0.236,NA,NA,NA,NA,NA,NA,NA,0.169,0.169,0.169,NA,NA,NA,NA,NA,NA,NA,0.171,0.171,0.171,NA,NA,NA,NA,NA,NA,NA,0.156,0.156,0.156,NA,NA,NA,NA,NA,NA,NA
Millones de pesos a precios de 2013|Total cultura|Subtotal de áreas generales y específicas|Diseño y servicios creativos|Informático,4641.751,4641.751,338.81,NA,NA,NA,NA,NA,4302.941,NA,4555.618,4555.618,382.087,NA,NA,NA,NA,NA,4173.531,NA,4602.895,4602.895,336.827,NA,NA,NA,NA,NA,4266.068,NA,4822.945,4822.945,341.442,NA,NA,NA,NA,NA,4481.503,NA,4936.027,4936.027,326.073,NA,NA,NA,NA,NA,4609.954,NA,5653.418,5653.418,339.934,NA,NA,NA,NA,NA,5313.484,NA,6224.636,6224.636,361.188,NA,NA,NA,NA,NA,5863.448,NA,6619.127,6619.127,445.409,NA,NA,NA,NA,NA,6173.718,NA,7311.365,7311.365,483.143,NA,NA,NA,NA,NA,6828.222,NA,6833.686,6833.686,536.627,NA,NA,NA,NA,NA,6297.059,NA,6596.826,6596.826,563.479,NA,NA,NA,NA,NA,6033.347,NA,7195.92,7195.92,541.754,NA,NA,NA,NA,NA,6654.166,NA
Millones de pesos a precios de 2013|Total cultura|Subtotal de áreas generales y específicas|Diseño y servicios creativos|Interiores,384.398,384.398,383.236,NA,NA,NA,NA,NA,1.162,NA,348.348,348.348,347.329,NA,NA,NA,NA,NA,1.019,NA,326.58,326.58,325.568,NA,NA,NA,NA,NA,1.012,NA,327.572,327.572,326.517,NA,NA,NA,NA,NA,1.055,NA,361.191,361.191,360.128,NA,NA,NA,NA,NA,1.063,NA,363.765,363.765,362.754,NA,NA,NA,NA,NA,1.011,NA,376.098,376.098,375.056,NA,NA,NA,NA,NA,1.042,NA,354.294,354.294,353.207,NA,NA,NA,NA,NA,1.087,NA,369.795,369.795,368.661,NA,NA,NA,NA,NA,1.134,NA,346.58,346.58,345.42,NA,NA,NA,NA,NA,1.16,NA,365.849,365.849,364.673,NA,NA,NA,NA,NA,1.176,NA,353.37,353.37,352.187,NA,NA,NA,NA,NA,1.183,NA
Millones de pesos a precios de 2013|Total cultura|Subtotal de áreas generales y específicas|Diseño y servicios creativos|Modas,0.005,0.005,0.005,NA,NA,NA,NA,NA,NA,NA,0.006,0.006,0.006,NA,NA,NA,NA,NA,NA,NA,0.006,0.006,0.006,NA,NA,NA,NA,NA,NA,NA,0.007,0.007,0.007,NA,NA,NA,NA,NA,NA,NA,0.007,0.007,0.007,NA,NA,NA,NA,NA,NA,NA,0.007,0.007,0.007,NA,NA,NA,NA,NA,NA,NA,0.007,0.007,0.007,NA,NA,NA,NA,NA,NA,NA,0.007,0.007,0.007,NA,NA,NA,NA,NA,NA,NA,0.007,0.007,0.007,NA,NA,NA,NA,NA,NA,NA,0.008,0.008,0.008,NA,NA,NA,NA,NA,NA,NA,0.009,0.009,0.009,NA,NA,NA,NA,NA,NA,NA,0.01,0.01,0.01,NA,NA,NA,NA,NA,NA,NA
Millones de pesos a precios de 2013|Total cultura|Subtotal de áreas generales y específicas|Diseño y servicios creativos|Industrial,35.638,35.638,35.62,NA,NA,NA,NA,NA,0.018,NA,32.963,32.963,32.939,NA,NA,NA,NA,NA,0.024,NA,30.497,30.497,30.476,NA,NA,NA,NA,NA,0.021,NA,30.008,30.008,29.987,NA,NA,NA,NA,NA,0.021,NA,30.759,30.759,30.74,NA,NA,NA,NA,NA,0.019,NA,31.797,31.797,31.78,NA,NA,NA,NA,NA,0.017,NA,31.844,31.844,31.818,NA,NA,NA,NA,NA,0.026,NA,33.286,33.286,33.258,NA,NA,NA,NA,NA,0.028,NA,37.665,37.665,37.63,NA,NA,NA,NA,NA,0.035,NA,32.99,32.99,32.959,NA,NA,NA,NA,NA,0.031,NA,32.406,32.406,32.37,NA,NA,NA,NA,NA,0.036,NA,31.31,31.31,31.274,NA,NA,NA,NA,NA,0.036,NA
Millones de pesos a precios de 2013|Total cultura|Subtotal de áreas generales y específicas|Diseño y servicios creativos|Publicidad,0.307,0.307,0.307,NA,NA,NA,NA,NA,NA,NA,0.232,0.232,0.232,NA,NA,NA,NA,NA,NA,NA,0.189,0.189,0.189,NA,NA,NA,NA,NA,NA,NA,0.182,0.182,0.182,NA,NA,NA,NA,NA,NA,NA,0.164,0.164,0.164,NA,NA,NA,NA,NA,NA,NA,0.176,0.176,0.176,NA,NA,NA,NA,NA,NA,NA,0.152,0.152,0.152,NA,NA,NA,NA,NA,NA,NA,0.135,0.135,0.135,NA,NA,NA,NA,NA,NA,NA,0.139,0.139,0.139,NA,NA,NA,NA,NA,NA,NA,0.127,0.127,0.127,NA,NA,NA,NA,NA,NA,NA,0.116,0.116,0.116,NA,NA,NA,NA,NA,NA,NA,0.098,0.098,0.098,NA,NA,NA,NA,NA,NA,NA
Millones de pesos a precios de 2013|Total cultura|Subtotal de áreas generales y específicas|Diseño y servicios creativos|Propiedad intelectual en diseño,1382.75,1382.75,1382.75,NA,NA,NA,NA,NA,NA,NA,1414.129,1414.129,1414.129,NA,NA,NA,NA,NA,NA,NA,1373.25,1373.25,1373.25,NA,NA,NA,NA,NA,NA,NA,1477.617,1477.617,1477.617,NA,NA,NA,NA,NA,NA,NA,1384.274,1384.274,1384.274,NA,NA,NA,NA,NA,NA,NA,1431.456,1431.456,1431.456,NA,NA,NA,NA,NA,NA,NA,1504.262,1504.262,1504.262,NA,NA,NA,NA,NA,NA,NA,1787.922,1787.922,1787.922,NA,NA,NA,NA,NA,NA,NA,1760.313,1760.313,1760.313,NA,NA,NA,NA,NA,NA,NA,1805.601,1805.601,1805.601,NA,NA,NA,NA,NA,NA,NA,1878.54,1878.54,1878.54,NA,NA,NA,NA,NA,NA,NA,2080.261,2080.261,2080.261,NA,NA,NA,NA,NA,NA,NA
Millones de pesos a precios de 2013|Total cultura|Subtotal de áreas generales y específicas|Diseño y servicios creativos|Gestión pública en servicios creativos,1688.836,1688.836,1165.5707735304436,NA,523.26527808978,523.26527808978,NA,NA,NA,NA,1645.931,1645.931,1012.1899365120837,NA,633.74066135868,633.74066135868,NA,NA,NA,NA,1734.725,1734.725,1106.582013790923,NA,628.1428460796399,628.1428460796399,NA,NA,NA,NA,1847.088,1847.088,1148.4852638396292,NA,698.6030271488479,698.6030271488479,NA,NA,NA,NA,1854.262,1854.262,1156.367225223171,NA,697.894914902316,697.894914902316,NA,NA,NA,NA,1694.218,1694.218,995.5487996323313,NA,698.668961807588,698.668961807588,NA,NA,NA,NA,1189.251,1189.251,663.7287749732051,NA,525.5219118193935,525.5219118193935,NA,NA,NA,NA,1383.194,1383.194,750.4050050755476,NA,632.7887554004379,632.7887554004379,NA,NA,NA,NA,1458.011,1458.011,734.1054036043978,NA,723.9060653937883,723.9060653937883,NA,NA,NA,NA,1453.626,1453.626,735.2037842626742,NA,718.4217491884751,718.4217491884751,NA,NA,NA,NA,1815.754,1815.754,996.4768022843238,NA,819.2769400363085,819.2769400363085,NA,NA,NA,NA,1711.543,1711.543,927.6528680212432,NA,783.8901065682417,783.8901065682417,NA,NA,NA,NA
Millones de pesos a precios de 2013|Total cultura|Subtotal de áreas generales y específicas|Patrimonio material y natural,15543.449,14815.046,10433.97,NA,3870.371,3870.371,NA,NA,510.705,728.403,15185.247,14471.52,9235.047,NA,4698.219,4698.219,NA,NA,538.253,713.727,15706.916,15035.179,9842.909,NA,4637.985,4637.985,NA,NA,554.284,671.737,16455.522,15805.216,10136.757,NA,5082.8,5082.8,NA,NA,585.659,650.306,16848.001,16134.066,10419.429,NA,5104.904,5104.904,NA,NA,609.733,713.935,15723.068,15002.586,9250.798,NA,5150.469,5150.469,NA,NA,601.319,720.482,15849.752,15070.825,8820.414,NA,5595.59,5595.59,NA,NA,654.821,778.927,16557.648,15633.463,8929.043,NA,6031.824,6031.824,NA,NA,672.596,924.185,17201.21,16138.624,8572.021,NA,6829.199,6829.199,NA,NA,737.404,1062.586,16733.337,15652.974,8310.76,NA,6555.956,6555.956,NA,NA,786.259,1080.363,17604.92,16512.387,9408.457,NA,6269.552,6269.552,NA,NA,834.378,1092.533,15680.764,14575.694,8282.96,NA,5552.138,5552.138,NA,NA,740.597,1105.07
Millones de pesos a precios de 2013|Total cultura|Subtotal de áreas generales y específicas|Patrimonio material y natural|Material,946.809,909.518,328.3,NA,70.967,70.967,NA,NA,510.251,37.291,979.168,941.633,331.472,NA,72.686,72.686,NA,NA,537.475,37.535,983.917,948.1,322.929,NA,74.548,74.548,NA,NA,550.623,35.817,1021.541,986.9,327.439,NA,77.346,77.346,NA,NA,582.115,34.641,1080.467,1042.877,350.402,NA,87.111,87.111,NA,NA,605.364,37.59,1046.081,1008.733,336.661,NA,75.541,75.541,NA,NA,596.531,37.348,1097.931,1057.403,337.815,NA,69.772,69.772,NA,NA,649.816,40.528,1118.186,1070.773,334.613,NA,70.571,70.571,NA,NA,665.589,47.413,1177.421,1122,319.471,NA,70.43,70.43,NA,NA,732.099,55.421,1241.015,1182.351,320.563,NA,80.158,80.158,NA,NA,781.63,58.664,1414.065,1353.719,437.824,NA,86.356,86.356,NA,NA,829.539,60.346,1306.063,1245.29,427.903,NA,79.644,79.644,NA,NA,737.743,60.773
Millones de pesos a precios de 2013|Total cultura|Subtotal de áreas generales y específicas|Patrimonio material y natural|Natural,1694.547,1232.826,1232.372,NA,NA,NA,NA,NA,0.454,461.721,1604.114,1150.551,1149.773,NA,NA,NA,NA,NA,0.778,453.563,1517.663,1095.703,1092.042,NA,NA,NA,NA,NA,3.661,421.96,1576.823,1168.507,1164.963,NA,NA,NA,NA,NA,3.544,408.316,1733.613,1286.369,1282,NA,NA,NA,NA,NA,4.369,447.244,1659.54,1210.387,1205.599,NA,NA,NA,NA,NA,4.788,449.153,1569.448,1083.729,1078.724,NA,NA,NA,NA,NA,5.005,485.719,1710.306,1127.232,1120.225,NA,NA,NA,NA,NA,7.007,583.074,1669.788,1005.958,1000.653,NA,NA,NA,NA,NA,5.305,663.83,1628.035,960.26,955.631,NA,NA,NA,NA,NA,4.629,667.775,1732.007,1055.192,1050.353,NA,NA,NA,NA,NA,4.839,676.815,1695.262,1009.106,1006.252,NA,NA,NA,NA,NA,2.854,686.156
Millones de pesos a precios de 2013|Total cultura|Subtotal de áreas generales y específicas|Patrimonio material y natural|Bibliotecas,13.774,13.774,13.774,NA,NA,NA,NA,NA,NA,NA,13.611,13.611,13.611,NA,NA,NA,NA,NA,NA,NA,13.79,13.79,13.79,NA,NA,NA,NA,NA,NA,NA,14.015,14.015,14.015,NA,NA,NA,NA,NA,NA,NA,14.279,14.279,14.279,NA,NA,NA,NA,NA,NA,NA,14.689,14.689,14.689,NA,NA,NA,NA,NA,NA,NA,15.162,15.162,15.162,NA,NA,NA,NA,NA,NA,NA,14.693,14.693,14.693,NA,NA,NA,NA,NA,NA,NA,14.808,14.808,14.808,NA,NA,NA,NA,NA,NA,NA,14.793,14.793,14.793,NA,NA,NA,NA,NA,NA,NA,14.742,14.742,14.742,NA,NA,NA,NA,NA,NA,NA,14.81,14.81,14.81,NA,NA,NA,NA,NA,NA,NA
Millones de pesos a precios de 2013|Total cultura|Subtotal de áreas generales y específicas|Patrimonio material y natural|Museos,625.762,396.371,396.371,NA,NA,NA,NA,NA,NA,229.391,575.069,352.44,352.44,NA,NA,NA,NA,NA,NA,222.629,588.826,374.866,374.866,NA,NA,NA,NA,NA,NA,213.96,608.853,401.504,401.504,NA,NA,NA,NA,NA,NA,207.349,687.687,458.586,458.586,NA,NA,NA,NA,NA,NA,229.101,696.453,462.472,462.472,NA,NA,NA,NA,NA,NA,233.981,662.341,409.661,409.661,NA,NA,NA,NA,NA,NA,252.68,683.941,390.243,390.243,NA,NA,NA,NA,NA,NA,293.698,726.428,383.093,383.093,NA,NA,NA,NA,NA,NA,343.335,746.627,392.703,392.703,NA,NA,NA,NA,NA,NA,353.924,740.363,384.991,384.991,NA,NA,NA,NA,NA,NA,355.372,716.005,357.864,357.864,NA,NA,NA,NA,NA,NA,358.141
Millones de pesos a precios de 2013|Total cultura|Subtotal de áreas generales y específicas|Patrimonio material y natural|Gestión pública en patrimonio,12262.557,12262.557,8463.152830497982,NA,3799.4037942056966,3799.4037942056966,NA,NA,NA,NA,12013.285,12013.285,7387.751364545306,NA,4625.533476309699,4625.533476309699,NA,NA,NA,NA,12602.72,12602.72,8039.282320638514,NA,4563.437336220538,4563.437336220538,NA,NA,NA,NA,13234.29,13234.29,8228.836007417347,NA,5005.453640279294,5005.453640279294,NA,NA,NA,NA,13331.955,13331.955,8314.16200822817,NA,5017.793016484568,5017.793016484568,NA,NA,NA,NA,12306.305,12306.305,7231.3767894878265,NA,5074.928035488406,5074.928035488406,NA,NA,NA,NA,12504.87,12504.87,6979.0518171085505,NA,5525.81836422801,5525.81836422801,NA,NA,NA,NA,13030.522,13030.522,7069.268908241862,NA,5961.252715241448,5961.252715241448,NA,NA,NA,NA,13612.765,13612.765,6853.99555138358,NA,6758.769146048134,6758.769146048134,NA,NA,NA,NA,13102.867,13102.867,6627.0696276663175,NA,6475.7976710860175,6475.7976710860175,NA,NA,NA,NA,13703.743,13703.743,7520.54740500235,NA,6183.195686285827,6183.195686285827,NA,NA,NA,NA,11948.624,11948.624,6476.130550234531,NA,5472.49390604691,5472.49390604691,NA,NA,NA,NA
Millones de pesos a precios de 2013|Total cultura|Subtotal de áreas generales y específicas|Formación y difusión cultural en instituciones educativas,27740.016,27740.016,27740.016,NA,NA,NA,NA,NA,NA,NA,28003.259,28003.259,28003.258,NA,NA,NA,NA,NA,NA,NA,27669.825,27669.825,27669.825,NA,NA,NA,NA,NA,NA,NA,28826.261,28826.261,28826.261,NA,NA,NA,NA,NA,NA,NA,29258.983,29258.983,29258.983,NA,NA,NA,NA,NA,NA,NA,29344.359,29344.359,29344.359,NA,NA,NA,NA,NA,NA,NA,29721.003,29721.003,29721.002,NA,NA,NA,NA,NA,NA,NA,30003.745,30003.745,30003.745,NA,NA,NA,NA,NA,NA,NA,30548.991,30548.991,30548.99,NA,NA,NA,NA,NA,NA,NA,31280.145,31280.145,31280.145,NA,NA,NA,NA,NA,NA,NA,32190.876,32190.876,32190.876,NA,NA,NA,NA,NA,NA,NA,32505.173,32505.173,32505.173,NA,NA,NA,NA,NA,NA,NA
Millones de pesos a precios de 2013|Total cultura|Subtotal de áreas generales y específicas|Formación y difusión cultural en instituciones educativas|Formación Pública,13614.942,13614.942,13614.94193248424,NA,NA,NA,NA,NA,NA,NA,13798.993,13798.993,13798.992673295412,NA,NA,NA,NA,NA,NA,NA,13428.206,13428.206,13428.205882977443,NA,NA,NA,NA,NA,NA,NA,14222.859,14222.859,14222.858895305642,NA,NA,NA,NA,NA,NA,NA,14350.83,14350.83,14350.829794910467,NA,NA,NA,NA,NA,NA,NA,14237.256,14237.256,14237.256417169692,NA,NA,NA,NA,NA,NA,NA,14351.715,14351.715,14351.714684612405,NA,NA,NA,NA,NA,NA,NA,14605.412,14605.412,14605.411976858755,NA,NA,NA,NA,NA,NA,NA,14860.191,14860.191,14860.19062983019,NA,NA,NA,NA,NA,NA,NA,15269.712,15269.712,15269.711949800372,NA,NA,NA,NA,NA,NA,NA,15612.232,15612.232,15612.232296410157,NA,NA,NA,NA,NA,NA,NA,15681.237,15681.237,15681.2367619789,NA,NA,NA,NA,NA,NA,NA
Millones de pesos a precios de 2013|Total cultura|Subtotal de áreas generales y específicas|Formación y difusión cultural en instituciones educativas|Formación Privada,8113.059,8113.059,8113.059,NA,NA,NA,NA,NA,NA,NA,8145.874,8145.874,8145.874,NA,NA,NA,NA,NA,NA,NA,8261.116,8261.116,8261.116,NA,NA,NA,NA,NA,NA,NA,8409.236,8409.236,8409.236,NA,NA,NA,NA,NA,NA,NA,8650.215,8650.215,8650.215,NA,NA,NA,NA,NA,NA,NA,8840.314,8840.314,8840.314,NA,NA,NA,NA,NA,NA,NA,9060.673,9060.673,9060.673,NA,NA,NA,NA,NA,NA,NA,9037.466,9037.466,9037.466,NA,NA,NA,NA,NA,NA,NA,9233.022,9233.022,9233.022,NA,NA,NA,NA,NA,NA,NA,9426.715,9426.715,9426.715,NA,NA,NA,NA,NA,NA,NA,9900.48,9900.48,9900.48,NA,NA,NA,NA,NA,NA,NA,10142.421,10142.421,10142.421,NA,NA,NA,NA,NA,NA,NA
Millones de pesos a precios de 2013|Total cultura|Subtotal de áreas generales y específicas|Formación y difusión cultural en instituciones educativas|Difusión Pública,5396.778,5396.778,5396.777665085434,NA,NA,NA,NA,NA,NA,NA,5454.601,5454.601,5454.600642447003,NA,NA,NA,NA,NA,NA,NA,5379.3,5379.3,5379.300149168036,NA,NA,NA,NA,NA,NA,NA,5601.525,5601.525,5601.525167407018,NA,NA,NA,NA,NA,NA,NA,5654.703,5654.703,5654.702722177504,NA,NA,NA,NA,NA,NA,NA,5654.592,5654.592,5654.591833895175,NA,NA,NA,NA,NA,NA,NA,5676.1,5676.1,5676.099560346646,NA,NA,NA,NA,NA,NA,NA,5724.104,5724.104,5724.103739868544,NA,NA,NA,NA,NA,NA,NA,5825.773,5825.773,5825.772775524056,NA,NA,NA,NA,NA,NA,NA,5951.521,5951.521,5951.520949284534,NA,NA,NA,NA,NA,NA,NA,6043.562,6043.562,6043.561990414207,NA,NA,NA,NA,NA,NA,NA,6055.491,6055.491,6055.491155047003,NA,NA,NA,NA,NA,NA,NA
Millones de pesos a precios de 2013|Total cultura|Subtotal de áreas generales y específicas|Formación y difusión cultural en instituciones educativas|Difusión Privada,615.237,615.237,615.237,NA,NA,NA,NA,NA,NA,NA,603.791,603.791,603.791,NA,NA,NA,NA,NA,NA,NA,601.203,601.203,601.203,NA,NA,NA,NA,NA,NA,NA,592.641,592.641,592.641,NA,NA,NA,NA,NA,NA,NA,603.235,603.235,603.235,NA,NA,NA,NA,NA,NA,NA,612.197,612.197,612.197,NA,NA,NA,NA,NA,NA,NA,632.515,632.515,632.515,NA,NA,NA,NA,NA,NA,NA,636.763,636.763,636.763,NA,NA,NA,NA,NA,NA,NA,630.005,630.005,630.005,NA,NA,NA,NA,NA,NA,NA,632.197,632.197,632.197,NA,NA,NA,NA,NA,NA,NA,634.602,634.602,634.602,NA,NA,NA,NA,NA,NA,NA,626.024,626.024,626.024,NA,NA,NA,NA,NA,NA,NA
Millones de pesos a precios de 2013|Total cultura|Producción cultural de los hogares,95916.44,95916.44,95916.44,NA,NA,NA,NA,NA,NA,NA,88535.249,88535.249,88535.249,NA,NA,NA,NA,NA,NA,NA,93117.162,93117.162,93117.162,NA,NA,NA,NA,NA,NA,NA,97809.524,97809.524,97809.524,NA,NA,NA,NA,NA,NA,NA,100025.066,100025.066,100025.066,NA,NA,NA,NA,NA,NA,NA,100466.317,100466.317,100466.317,NA,NA,NA,NA,NA,NA,NA,100582.37,100582.37,100582.37,NA,NA,NA,NA,NA,NA,NA,103438.557,103438.557,103438.557,NA,NA,NA,NA,NA,NA,NA,108719.403,108719.403,108719.403,NA,NA,NA,NA,NA,NA,NA,111881.192,111881.192,111881.192,NA,NA,NA,NA,NA,NA,NA,117669.322,117669.322,117669.322,NA,NA,NA,NA,NA,NA,NA,116753.115,116753.115,116753.115,NA,NA,NA,NA,NA,NA,NA
