Descriptores,2008|Oferta|Producción bruta a precios productor,2008|Oferta|Importaciones C.I.F.,2008|Oferta|Márgenes de comercio y transporte,2008|Oferta y utilización,2008|Utilización|Demanda intermedia,2008|Utilización|Demanda final|Consumo privado,2008|Utilización|Demanda final|Consumo de gobierno,2008|Utilización|Demanda final|Formación bruta de capital fijo,2008|Utilización|Demanda final|Variación de existencias,2008|Utilización|Demanda final|Exportaciones de bienes FOB,2009|Oferta|Producción bruta a precios productor,2009|Oferta|Importaciones C.I.F.,2009|Oferta|Márgenes de comercio y transporte,2009|Oferta y utilización,2009|Utilización|Demanda intermedia,2009|Utilización|Demanda final|Consumo privado,2009|Utilización|Demanda final|Consumo de gobierno,2009|Utilización|Demanda final|Formación bruta de capital fijo,2009|Utilización|Demanda final|Variación de existencias,2009|Utilización|Demanda final|Exportaciones de bienes FOB,2010|Oferta|Producción bruta a precios productor,2010|Oferta|Importaciones C.I.F.,2010|Oferta|Márgenes de comercio y transporte,2010|Oferta y utilización,2010|Utilización|Demanda intermedia,2010|Utilización|Demanda final|Consumo privado,2010|Utilización|Demanda final|Consumo de gobierno,2010|Utilización|Demanda final|Formación bruta de capital fijo,2010|Utilización|Demanda final|Variación de existencias,2010|Utilización|Demanda final|Exportaciones de bienes FOB,2011|Oferta|Producción bruta a precios productor,2011|Oferta|Importaciones C.I.F.,2011|Oferta|Márgenes de comercio y transporte,2011|Oferta y utilización,2011|Utilización|Demanda intermedia,2011|Utilización|Demanda final|Consumo privado,2011|Utilización|Demanda final|Consumo de gobierno,2011|Utilización|Demanda final|Formación bruta de capital fijo,2011|Utilización|Demanda final|Variación de existencias,2011|Utilización|Demanda final|Exportaciones de bienes FOB,2012|Oferta|Producción bruta a precios productor,2012|Oferta|Importaciones C.I.F.,2012|Oferta|Márgenes de comercio y transporte,2012|Oferta y utilización,2012|Utilización|Demanda intermedia,2012|Utilización|Demanda final|Consumo privado,2012|Utilización|Demanda final|Consumo de gobierno,2012|Utilización|Demanda final|Formación bruta de capital fijo,2012|Utilización|Demanda final|Variación de existencias,2012|Utilización|Demanda final|Exportaciones de bienes FOB,2013|Oferta|Producción bruta a precios productor,2013|Oferta|Importaciones C.I.F.,2013|Oferta|Márgenes de comercio y transporte,2013|Oferta y utilización,2013|Utilización|Demanda intermedia,2013|Utilización|Demanda final|Consumo privado,2013|Utilización|Demanda final|Consumo de gobierno,2013|Utilización|Demanda final|Formación bruta de capital fijo,2013|Utilización|Demanda final|Variación de existencias,2013|Utilización|Demanda final|Exportaciones de bienes FOB,2014|Oferta|Producción bruta a precios productor,2014|Oferta|Importaciones C.I.F.,2014|Oferta|Márgenes de comercio y transporte,2014|Oferta y utilización,2014|Utilización|Demanda intermedia,2014|Utilización|Demanda final|Consumo privado,2014|Utilización|Demanda final|Consumo de gobierno,2014|Utilización|Demanda final|Formación bruta de capital fijo,2014|Utilización|Demanda final|Variación de existencias,2014|Utilización|Demanda final|Exportaciones de bienes FOB,2015|Oferta|Producción bruta a precios productor,2015|Oferta|Importaciones C.I.F.,2015|Oferta|Márgenes de comercio y transporte,2015|Oferta y utilización,2015|Utilización|Demanda intermedia,2015|Utilización|Demanda final|Consumo privado,2015|Utilización|Demanda final|Consumo de gobierno,2015|Utilización|Demanda final|Formación bruta de capital fijo,2015|Utilización|Demanda final|Variación de existencias,2015|Utilización|Demanda final|Exportaciones de bienes FOB,2016|Oferta|Producción bruta a precios productor,2016|Oferta|Importaciones C.I.F.,2016|Oferta|Márgenes de comercio y transporte,2016|Oferta y utilización,2016|Utilización|Demanda intermedia,2016|Utilización|Demanda final|Consumo privado,2016|Utilización|Demanda final|Consumo de gobierno,2016|Utilización|Demanda final|Formación bruta de capital fijo,2016|Utilización|Demanda final|Variación de existencias,2016|Utilización|Demanda final|Exportaciones de bienes FOB,2017|Oferta|Producción bruta a precios productor,2017|Oferta|Importaciones C.I.F.,2017|Oferta|Márgenes de comercio y transporte,2017|Oferta y utilización,2017|Utilización|Demanda intermedia,2017|Utilización|Demanda final|Consumo privado,2017|Utilización|Demanda final|Consumo de gobierno,2017|Utilización|Demanda final|Formación bruta de capital fijo,2017|Utilización|Demanda final|Variación de existencias,2017|Utilización|Demanda final|Exportaciones de bienes FOB,2018|Oferta|Producción bruta a precios productor<P>,2018|Oferta|Importaciones C.I.F.<P>,2018|Oferta|Márgenes de comercio y transporte<P>,2018|Oferta y utilización<P>,2018|Utilización|Demanda intermedia<P>,2018|Utilización|Demanda final|Consumo privado<P>,2018|Utilización|Demanda final|Consumo de gobierno<P>,2018|Utilización|Demanda final|Formación bruta de capital fijo<P>,2018|Utilización|Demanda final|Variación de existencias<P>,2018|Utilización|Demanda final|Exportaciones de bienes FOB<P>,2019|Oferta|Producción bruta a precios productor<P>,2019|Oferta|Importaciones C.I.F.<P>,2019|Oferta|Márgenes de comercio y transporte<P>,2019|Oferta y utilización<P>,2019|Utilización|Demanda intermedia<P>,2019|Utilización|Demanda final|Consumo privado<P>,2019|Utilización|Demanda final|Consumo de gobierno<P>,2019|Utilización|Demanda final|Formación bruta de capital fijo<P>,2019|Utilización|Demanda final|Variación de existencias<P>,2019|Utilización|Demanda final|Exportaciones de bienes FOB<P>
Millones de pesos a precios de 2013|Total cultura,788158.684,61349.456,70373.519,919881.659,305849.54,542012.122,35116.138,23703.187,883.944,12316.735,775596.732,56205.084,64430.739,896232.555,300660.374,528064.19,35058.38,21049.728,666.963,10732.922,793886.408,56951.985,68094.522,918932.915,307274.003,542914.37,36107.344,21591.129,1665.465,9380.606,823551.29,60418.324,70715.708,954685.322,322327.507,556163.241,38935.412,23991.236,1828.263,11439.664,874817.498,55653.026,67536.04,998006.564,320451.831,603797.47,38560.174,22582.331,1176.988,11437.772,887701.484,44758.645,63767.166,996227.295,306227.032,621033.823,35603.28,20609.911,1449.709,11303.536,898339.263,42879.351,62877.309,1004095.923,311430.735,622714.886,33802.668,21171.012,1393.493,13583.135,965819.991,44668.812,66251.709,1076740.512,318944.06,679323.008,37275.931,22856.941,2118.345,16222.231,1031755.663,44388.7,66837.247,1142981.61,336810.195,728748.468,38761.469,23289.558,684.162,14687.756,1080571.345,44553.165,68178.423,1193302.933,347320.787,771033.533,36896.472,21206.715,1586.287,15259.14,1123259.76,52618.637,71494.431,1247372.828,369715.982,798049.377,38402.373,26287.4,1375.096,13542.601,1126855.549,55025.787,71444.958,1253326.294,361030.705,812961.297,34731.93,25810.814,-59.786,18851.34
Millones de pesos a precios de 2013|Total cultura|Subtotal de áreas generales y específicas,692242.244,61349.456,70373.519,823965.219,305849.54,446095.682,35116.138,23703.187,883.944,12316.735,687061.483,56205.084,64430.739,807697.306,300660.374,439528.941,35058.38,21049.728,666.963,10732.922,700769.246,56951.985,68094.522,825815.753,307274.003,449797.208,36107.344,21591.129,1665.465,9380.606,725741.766,60418.324,70715.708,856875.798,322327.507,458353.717,38935.412,23991.236,1828.263,11439.664,774792.432,55653.026,67536.04,897981.498,320451.831,503772.404,38560.174,22582.331,1176.988,11437.772,787235.167,44758.645,63767.166,895760.978,306227.032,520567.506,35603.28,20609.911,1449.709,11303.536,797756.893,42879.351,62877.309,903513.553,311430.735,522132.516,33802.668,21171.012,1393.493,13583.135,862381.434,44668.812,66251.709,973301.955,318944.06,575884.451,37275.931,22856.941,2118.345,16222.231,923036.26,44388.7,66837.247,1034262.207,336810.195,620029.065,38761.469,23289.558,684.162,14687.756,968690.153,44553.165,68178.423,1081421.741,347320.787,659152.341,36896.472,21206.715,1586.287,15259.14,1005590.438,52618.637,71494.431,1129703.506,369715.982,680380.055,38402.373,26287.4,1375.096,13542.601,1010102.434,55025.787,71444.958,1136573.179,361030.705,696208.182,34731.93,25810.814,-59.786,18851.34
Millones de pesos a precios de 2013|Total cultura|Subtotal de áreas generales y específicas|Artes visuales y plásticas,10555.997,9530.419,3936.709,24023.125,11585.067,6419.734,1674.656,315.536,-39.114,4067.248,9859.113,7639.136,3185.508,20683.757,10076.157,5895.484,1629.449,300.285,3.02,2779.364,10192.643,7093.89,3003.598,20290.131,9768.033,6088.515,1720.693,524.588,-1.246,2189.548,10560.781,8060.701,3372.925,21994.407,10447.718,6446.982,1836.512,1569.054,19.905,1674.233,10436.809,6581.63,2819.915,19838.354,9486.512,6189.419,1841.891,904.992,10.537,1405.002,9950.25,5555.548,2410.498,17916.296,8962.809,5817.506,1680.994,718.308,32.821,703.856,9401.351,5462.339,2402.995,17266.685,8941.983,5950.317,970.064,631.88,34.953,737.489,9882.542,5926.852,2606.918,18416.312,9220.967,6265.849,1159.281,771.865,37.766,960.582,10233.783,7833.312,3185.491,21252.586,10847.059,7035.196,1312.084,1421.802,30.968,605.474,10087.68,6294.05,2701.194,19082.924,9784.698,6613.122,1148.605,1006.084,29.005,501.412,11123.564,13630.629,4935.807,29690,13614.847,8491.341,1625.558,5188.719,49.758,719.778,10880.077,13451.804,4829.202,29161.083,12724.544,8368.664,1562.861,5152.502,40.272,1312.242
Millones de pesos a precios de 2013|Total cultura|Subtotal de áreas generales y específicas|Artes visuales y plásticas|Dibujo,1119.289,170.582,167.006,1456.877,1001.855,275.262,NA,14.757,-0.558,165.562,1013.592,140.761,153.451,1307.804,905.486,267.778,NA,5.677,-0.298,129.162,991.553,182.197,156.466,1330.216,927.968,251.581,NA,11.658,2.078,136.93,1056.588,183.004,167.937,1407.529,936.867,246.623,NA,11.812,2.29,209.936,1068.815,199.997,162.646,1431.458,963.316,211.811,NA,10.241,0.373,245.716,1065.288,173.499,146.469,1385.256,955.933,182.63,NA,9.923,0.971,235.798,1086.283,197.382,157.187,1440.852,989.708,208.509,NA,7.936,0.021,234.679,1152.866,251.905,188.313,1593.084,1072.525,287.706,NA,11.581,2.518,218.754,1117.568,264.151,191.198,1572.917,1071.141,315.041,NA,14.909,0.886,170.939,1159.41,245.193,182.873,1587.476,1098.085,311.63,NA,13.495,1.562,162.705,1136.408,601.555,293.446,2031.409,1348.906,527.514,NA,16.392,2.425,136.171,1038.156,712.899,329.292,2080.347,1308.71,605.226,NA,13.418,-1.485,154.478
Millones de pesos a precios de 2013|Total cultura|Subtotal de áreas generales y específicas|Artes visuales y plásticas|Fotografía,6217.491,9021.455,3131.378,18370.324,9417.774,5077.361,NA,242.088,-44.243,3677.345,5731.839,7272.562,2451.191,15455.592,8098.004,4629.353,NA,239.867,3.622,2484.746,5933.536,6621.983,2233.625,14789.144,7653.07,4806.019,NA,465.941,-9.081,1873.195,6029.349,7500.729,2536.603,16066.681,8177.102,5049.859,NA,1495.238,12.89,1331.59,5987.712,5930.668,1993.118,13911.498,7183.677,4872.885,NA,831.164,10.639,1013.133,5759.837,4927.041,1628.338,12315.216,6753.539,4612.135,NA,650.375,26.91,272.256,5917.17,4682.704,1562.639,12162.513,6556.539,4633.544,NA,569.977,31.228,371.225,6059.863,4892.04,1632.599,12584.502,6649.889,4688.372,NA,672.11,19.708,554.423,6275.659,5476.155,1789.78,13541.594,7393.744,4927.933,NA,886.294,30.523,303.099,6254.843,5212.21,1706.674,13173.727,7112.361,4876.546,NA,940.336,18.803,225.681,6857.691,11437.631,3599.413,21894.735,10259.414,6202.309,NA,4919.175,40.263,473.576,6808.578,11029.65,3432.899,21271.127,9283.88,5909.777,NA,4970.006,42.432,1065.033
Millones de pesos a precios de 2013|Total cultura|Subtotal de áreas generales y específicas|Artes visuales y plásticas|Pintura y escultura,1492.684,338.382,638.325,2469.391,1165.438,1067.111,NA,6.814,5.687,224.341,1432.462,225.813,580.866,2239.141,1072.667,998.353,NA,2.97,-0.304,165.456,1493.557,289.71,613.507,2396.774,1186.995,1030.915,NA,-6.315,5.757,179.423,1583.781,376.968,668.385,2629.134,1333.749,1150.5,NA,7.453,4.725,132.707,1482.951,450.965,664.151,2598.067,1339.519,1104.723,NA,8.147,-0.475,146.153,1391.54,455.008,635.691,2482.239,1253.337,1022.741,NA,5.419,4.94,195.802,1418.978,582.253,683.169,2684.4,1395.736,1108.264,NA,45.111,3.704,131.585,1496.091,782.907,786.006,3065.004,1498.553,1289.771,NA,73.734,15.54,187.405,1513.142,2093.006,1204.513,4810.661,2382.174,1792.222,NA,505.269,-0.441,131.436,1516.521,836.647,811.647,3164.815,1574.252,1424.946,NA,43.952,8.64,113.026,1486.915,1591.443,1042.948,4121.306,2006.527,1761.518,NA,236.16,7.07,110.031,1448.853,1709.255,1067.011,4225.119,2131.954,1853.661,NA,147.449,-0.675,92.731
Millones de pesos a precios de 2013|Total cultura|Subtotal de áreas generales y específicas|Artes visuales y plásticas|Gestión pública en artes plásticas y visuales,1726.5327648841396,NA,NA,1726.533,NA,NA,1674.656026586961,51.876738297178676,NA,NA,1681.2201104831124,NA,NA,1681.22,NA,NA,1629.4489901244933,51.77112035861902,NA,NA,1773.9966222562832,NA,NA,1773.997,NA,NA,1720.6925426603864,53.304079595896745,NA,NA,1891.0628640987052,NA,NA,1891.063,NA,NA,1836.5119050079647,54.550959090740356,NA,NA,1897.3305355009113,NA,NA,1897.331,NA,NA,1841.8909122809573,55.439623219954086,NA,NA,1733.5853539567931,NA,NA,1733.585,NA,NA,1680.9941917359708,52.59116222082219,NA,NA,978.9198991020835,NA,NA,978.92,NA,NA,970.0642173140025,8.855681788081021,NA,NA,1173.7215570858975,NA,NA,1173.722,NA,NA,1159.281414171105,14.44014291479236,NA,NA,1327.4140811472453,NA,NA,1327.414,NA,NA,1312.0836931224876,15.330388024757761,NA,NA,1156.9055154329426,NA,NA,1156.906,NA,NA,1148.6046729077527,8.300842525189752,NA,NA,1642.5500149467882,NA,NA,1642.55,NA,NA,1625.5579977826492,16.992017164139156,NA,NA,1584.489817361079,NA,NA,1584.49,NA,NA,1562.8613065624404,21.628510798638636,NA,NA
Millones de pesos a precios de 2013|Total cultura|Subtotal de áreas generales y específicas|Artes escénicas y espectáculos,36153.042,8.812,21.476,36183.33,6935.753,26326.01,2774.025,142.124,-0.076,5.494,34163.692,10.47,22.621,34196.783,6714.966,24611.911,2724.843,141.422,0.035,3.607,35284.763,27.198,28.028,35339.989,6763.418,25559.097,2864.016,145.739,0.882,6.837,36283.908,62.32,38.509,36384.737,7040.505,26163.047,3021.417,149.887,1.397,8.485,37752.563,332.03,35.877,38120.47,7782.718,27099.841,3044.777,196.757,-5.574,1.951,38558.611,25.982,29.72,38614.313,7399.703,28245.891,2823.26,143.837,0.56,1.063,38523.192,88.414,28.927,38640.533,7471.535,28514.375,2584.342,67.367,2.749,0.165,40304.175,19.065,27.56,40350.8,7919.197,29709.969,2659.176,61.074,0.054,1.33,43126.447,18.921,27.861,43173.229,8014.857,32309.722,2787.351,59.916,0.222,1.162,44417.134,15.119,26.992,44459.245,8242.067,33596.065,2577.037,42.628,0.394,1.054,45293.219,12.082,26.174,45331.475,8615.244,34218.314,2445.851,49.79,0.3,1.976,45412.204,14.751,25.16,45452.115,8232.7,34690.707,2477.948,46.667,-0.002,4.094
Millones de pesos a precios de 2013|Total cultura|Subtotal de áreas generales y específicas|Artes escénicas y espectáculos|Danza,18.058,NA,NA,18.058,NA,18.058,NA,NA,NA,NA,18.222,NA,NA,18.222,NA,18.222,NA,NA,NA,NA,18.386,NA,NA,18.386,NA,18.386,NA,NA,NA,NA,18.549,NA,NA,18.549,NA,18.549,NA,NA,NA,NA,18.759,NA,NA,18.759,NA,18.759,NA,NA,NA,NA,18.981,NA,NA,18.981,NA,18.981,NA,NA,NA,NA,18.773,NA,NA,18.773,NA,18.773,NA,NA,NA,NA,18.981,NA,NA,18.981,NA,18.981,NA,NA,NA,NA,19.19,NA,NA,19.19,NA,19.19,NA,NA,NA,NA,19.38,NA,NA,19.38,NA,19.38,NA,NA,NA,NA,19.569,NA,NA,19.569,NA,19.569,NA,NA,NA,NA,19.759,NA,NA,19.759,NA,19.759,NA,NA,NA,NA
Millones de pesos a precios de 2013|Total cultura|Subtotal de áreas generales y específicas|Artes escénicas y espectáculos|Espectáculos artísticos,23160.192,4.822,20.177,23185.191,6265.982,16912.866,0.143,0.799,-0.094,5.494,21585.236,0.567,19.397,21605.2,6073.028,15527.965,0.208,0.385,0.007,3.607,22362.742,4.359,20.592,22387.693,6136.432,16243.927,0.158,0.526,0.335,6.315,23502.485,12.154,22.177,23536.816,6359.138,17167.254,0.201,1.277,0.627,8.32,24630.1,292.303,22.944,24945.347,7070.081,17833.548,0.146,45.726,-5.381,1.227,25404.409,0.153,21.311,25425.873,6685.92,18737.616,0.164,0.566,0.577,1.031,25600.25,64.045,20.993,25685.288,6757.289,18915.53,0.156,9.734,2.415,0.165,26562.059,1.981,21.998,26586.038,7192.654,19391.317,0.147,0.766,0.046,1.108,28253.405,NA,21.701,28275.106,7240.714,21033.03,0.158,0.622,0.156,0.426,29440.674,NA,22.07,29462.744,7424.671,22036.926,0.158,0.586,0.281,0.122,29964.68,0.255,22.324,29987.259,7809.833,22175.344,0.117,0.507,0.349,1.109,29602.221,3.748,21.578,29627.547,7445.793,22177.152,0.132,0.55,-0.046,3.965
Millones de pesos a precios de 2013|Total cultura|Subtotal de áreas generales y específicas|Artes escénicas y espectáculos|Espectáculos deportivos,8724.323,NA,NA,8724.323,109.858,8614.465,NA,NA,NA,NA,8409.028,NA,NA,8409.028,104.805,8304.223,NA,NA,NA,NA,8612.849,NA,NA,8612.849,111.506,8501.343,NA,NA,NA,NA,8277.432,NA,NA,8277.432,113.484,8163.948,NA,NA,NA,NA,8497.84,NA,NA,8497.84,120.295,8377.545,NA,NA,NA,NA,8728.434,NA,NA,8728.434,126.447,8601.987,NA,NA,NA,NA,8828.955,NA,NA,8828.955,119.998,8708.957,NA,NA,NA,NA,9542.777,NA,NA,9542.777,124.55,9418.227,NA,NA,NA,NA,10463.857,NA,NA,10463.857,134.666,10329.191,NA,NA,NA,NA,10715.815,NA,NA,10715.815,140.988,10574.827,NA,NA,NA,NA,11221.759,NA,NA,11221.759,136.183,11085.575,NA,NA,NA,NA,11651.251,NA,NA,11651.251,130.493,11520.758,NA,NA,NA,NA
Millones de pesos a precios de 2013|Total cultura|Subtotal de áreas generales y específicas|Artes escénicas y espectáculos|Teatros,201.599,3.99,1.299,206.888,74.722,132.149,NA,NA,0.018,NA,195.193,9.903,3.224,208.32,75.579,132.714,NA,NA,0.028,NA,199.421,22.839,7.436,229.696,94.207,134.42,NA,NA,0.547,0.522,207.268,50.166,16.332,273.766,135.614,137.217,NA,NA,0.77,0.165,206.185,39.727,12.933,258.845,120.387,137.927,NA,NA,-0.193,0.724,213.302,25.829,8.409,247.54,108.598,138.927,NA,NA,-0.017,0.032,218.553,24.369,7.934,250.856,109.199,141.322,NA,NA,0.334,NA,226.505,17.084,5.562,249.151,105.952,142.969,NA,NA,0.008,0.222,227.874,18.921,6.16,252.955,108.493,143.661,NA,NA,0.066,0.736,232.848,15.119,4.922,252.889,108.335,143.51,NA,NA,0.113,0.932,231.973,11.827,3.85,247.65,102.319,144.515,NA,NA,-0.049,0.867,230.363,11.003,3.582,244.948,100.21,144.566,NA,NA,0.044,0.129
"Millones de pesos a precios de 2013|Total cultura|Subtotal de áreas generales y específicas|Artes escénicas y espectáculos|Promotores, agentes y representantes",657.17,NA,NA,657.17,8.698,648.472,NA,NA,NA,NA,637.085,NA,NA,637.085,8.298,628.787,NA,NA,NA,NA,669.849,NA,NA,669.849,8.828,661.021,NA,NA,NA,NA,685.064,NA,NA,685.064,8.985,676.079,NA,NA,NA,NA,741.586,NA,NA,741.586,9.524,732.062,NA,NA,NA,NA,758.391,NA,NA,758.391,10.011,748.38,NA,NA,NA,NA,739.294,NA,NA,739.294,9.501,729.793,NA,NA,NA,NA,748.336,NA,NA,748.336,9.861,738.475,NA,NA,NA,NA,795.312,NA,NA,795.312,10.662,784.65,NA,NA,NA,NA,832.584,NA,NA,832.584,11.162,821.422,NA,NA,NA,NA,804.093,NA,NA,804.093,10.782,793.311,NA,NA,NA,NA,838.804,NA,NA,838.804,10.331,828.472,NA,NA,NA,NA
Millones de pesos a precios de 2013|Total cultura|Subtotal de áreas generales y específicas|Artes escénicas y espectáculos|Alquiler de espacios para espectáculos,476.493,NA,NA,476.493,476.493,NA,NA,NA,NA,NA,453.256,NA,NA,453.256,453.256,NA,NA,NA,NA,NA,412.445,NA,NA,412.445,412.445,NA,NA,NA,NA,NA,423.284,NA,NA,423.284,423.284,NA,NA,NA,NA,NA,462.431,NA,NA,462.431,462.431,NA,NA,NA,NA,NA,468.727,NA,NA,468.727,468.727,NA,NA,NA,NA,NA,475.548,NA,NA,475.548,475.548,NA,NA,NA,NA,NA,486.18,NA,NA,486.18,486.18,NA,NA,NA,NA,NA,520.322,NA,NA,520.322,520.322,NA,NA,NA,NA,NA,556.911,NA,NA,556.911,556.911,NA,NA,NA,NA,NA,556.127,NA,NA,556.127,556.127,NA,NA,NA,NA,NA,545.873,NA,NA,545.873,545.873,NA,NA,NA,NA,NA
Millones de pesos a precios de 2013|Total cultura|Subtotal de áreas generales y específicas|Artes escénicas y espectáculos|Gestión pública en artes escénicas y espectáculos,2915.2070283347143,NA,NA,2915.207,NA,NA,2773.8820964041415,141.3249319305727,NA,NA,2865.672317370268,NA,NA,2865.672,NA,NA,2724.6351145542762,141.0372028159918,NA,NA,3009.071002943656,NA,NA,3009.071,NA,NA,2863.8576439742155,145.21335896944055,NA,NA,3169.8258034965547,NA,NA,3169.826,NA,NA,3021.215639609948,148.61016388660684,NA,NA,3195.662249011497,NA,NA,3195.662,NA,NA,3044.631146536754,151.03110247474277,NA,NA,2966.367415927595,NA,NA,2966.367,NA,NA,2823.096218374074,143.27119755352112,NA,NA,2641.818899236191,NA,NA,2641.819,NA,NA,2584.185746376857,57.63315285933402,NA,NA,2719.3371233302337,NA,NA,2719.337,NA,NA,2659.0293614003112,60.307761929922464,NA,NA,2846.4865670541935,NA,NA,2846.487,NA,NA,2787.192666598216,59.29390045597739,NA,NA,2618.921591455492,NA,NA,2618.922,NA,NA,2576.879416790666,42.04217466482643,NA,NA,2495.0176480599853,NA,NA,2495.018,NA,NA,2445.7343030397046,49.28334502028062,NA,NA,2523.9325515941787,NA,NA,2523.933,NA,NA,2477.815691175402,46.11686041877635,NA,NA
Millones de pesos a precios de 2013|Total cultura|Subtotal de áreas generales y específicas|Música y conciertos,9341.637,7979.358,3168.659,20489.654,5929.413,9964.022,1968.348,922.721,-275.63,1980.78,9135.019,7840.42,3111.084,20086.523,6714.545,8880.405,1935.597,904.906,-105.36,1756.43,9366.457,8459.622,3371.724,21197.803,7153.584,8503.837,2036.032,807.064,459.348,2237.939,9736.669,8953.388,3568.664,22258.721,6762.066,9338.947,2132.997,894.93,596.736,2533.044,9709.916,5135.891,2299.416,17145.223,3694.906,9033.221,2153.275,1069.229,-73.406,1267.998,9575.783,2602.818,1449.708,13628.309,2290.092,8043.357,2005.089,1051.794,81.404,156.572,9087.674,3196.157,1610.598,13894.429,3026.112,8029.747,1553.908,1038.31,139.928,106.423,9294.597,3006.739,1609.247,13910.583,2596.379,8468.1,1847.614,876.469,9.439,112.584,9579.357,2631.821,1532.156,13743.334,2369.479,8112.376,1929.981,806.579,145.175,379.742,9598.824,2557.709,1546.179,13702.712,2379.825,8118.081,1899.929,700.715,248.477,355.686,9838.698,2961.816,1696.124,14496.638,2755.899,8741.426,1877.537,738.47,39.94,343.368,10412.68,2891.243,1689.49,14993.413,2733.206,9138.758,1929.851,854.009,26.822,310.767
Millones de pesos a precios de 2013|Total cultura|Subtotal de áreas generales y específicas|Música y conciertos|Instrumentos musicales,1318.292,1167.185,910.278,3395.755,308.503,2799.567,NA,463.864,-187.264,11.085,1376.217,1052.848,889.732,3318.797,292.891,2641.57,NA,467.858,-100.728,17.207,1365.316,1051.563,885.184,3302.063,243.081,2228.228,NA,372.889,439.737,18.128,1466.762,1113.256,945.017,3525.035,257.083,2376.078,NA,420.153,448.876,22.845,1461.097,1260.008,996.82,3717.925,305.572,2899.385,NA,614.142,-119.764,18.59,1393.319,1281.102,979.589,3654.01,289.654,2698.911,NA,576.642,70.149,18.654,1444.133,1089.42,927.835,3461.388,273.542,2628.424,NA,413.743,118.413,27.265,1497.177,1293.348,1022.007,3812.532,304.632,2970.228,NA,513.783,1.244,22.646,1503.668,1328.663,1037.346,3869.677,269.246,2788.239,NA,396.211,135.658,280.321,1540.444,1339.311,1054.632,3934.387,265.497,2804.122,NA,370.754,244.398,249.616,1598.136,1461.486,1120.603,4180.225,292.456,3202.99,NA,385.195,11.708,287.877,1582.463,1481.767,1122.197,4186.427,304.489,3166.86,NA,441.787,10.771,262.52
Millones de pesos a precios de 2013|Total cultura|Subtotal de áreas generales y específicas|Música y conciertos|Música,2470.103,6812.173,2258.381,11540.657,5471.568,4090.939,NA,96.821,-88.366,1969.695,2185.357,6787.572,2221.352,11194.281,6264.486,3139.784,NA,55.419,-4.632,1739.223,2298.153,7408.059,2486.54,12192.752,6751.988,3145.686,NA,55.656,19.611,2219.811,2404.028,7840.132,2623.647,12867.807,6335.146,3803.405,NA,71.197,147.86,2510.199,2334.264,3875.883,1302.596,7512.743,3223.048,2939.153,NA,54.776,46.358,1249.408,2350.173,1321.716,470.119,4142.008,1820.446,2112.316,NA,60.072,11.255,137.918,2143.877,2106.737,682.763,4933.377,2603.26,2140.784,NA,88.66,21.515,79.158,2205.363,1713.391,587.24,4505.994,2140.448,2202.393,NA,65.02,8.195,89.938,2297.163,1303.158,494.81,4095.131,1945.412,1992.585,NA,48.195,9.517,99.421,2346.16,1218.398,491.547,4056.105,1961.557,1948.305,NA,36.095,4.079,106.07,2487.409,1500.33,575.521,4563.26,2295.619,2136.929,NA,46.989,28.232,55.491,2883.752,1409.476,567.293,4860.521,2223.26,2529.079,NA,43.884,16.051,48.247
Millones de pesos a precios de 2013|Total cultura|Subtotal de áreas generales y específicas|Música y conciertos|Conciertos,3032.894,NA,NA,3032.894,0.297,3032.597,NA,NA,NA,NA,3060.172,NA,NA,3060.172,0.283,3059.889,NA,NA,NA,NA,3087.488,NA,NA,3087.488,0.301,3087.187,NA,NA,NA,NA,3114.786,NA,NA,3114.786,0.306,3114.48,NA,NA,NA,NA,3151.201,NA,NA,3151.201,0.325,3150.876,NA,NA,NA,NA,3187.612,NA,NA,3187.612,0.341,3187.27,NA,NA,NA,NA,3222.658,NA,NA,3222.658,0.324,3222.334,NA,NA,NA,NA,3257.734,NA,NA,3257.734,0.336,3257.398,NA,NA,NA,NA,3292.824,NA,NA,3292.824,0.364,3292.461,NA,NA,NA,NA,3327.905,NA,NA,3327.905,0.381,3327.524,NA,NA,NA,NA,3359.764,NA,NA,3359.764,0.368,3359.397,NA,NA,NA,NA,3391.625,NA,NA,3391.625,0.352,3391.273,NA,NA,NA,NA
Millones de pesos a precios de 2013|Total cultura|Subtotal de áreas generales y específicas|Música y conciertos|Propiedad intelectual en música,379.808,NA,NA,379.808,149.045,40.919,NA,189.844,NA,NA,405.835,NA,NA,405.835,156.885,39.162,NA,209.788,NA,NA,402.538,NA,NA,402.538,158.214,42.736,NA,201.589,NA,NA,437.027,NA,NA,437.027,169.531,44.984,NA,222.512,NA,NA,426.061,NA,NA,426.061,165.961,43.807,NA,216.293,NA,NA,465.027,NA,NA,465.027,179.651,44.86,NA,240.517,NA,NA,393.878,NA,NA,393.878,148.986,38.205,NA,206.687,NA,NA,393.878,NA,NA,393.878,150.963,38.081,NA,204.835,NA,NA,403.643,NA,NA,403.643,154.457,39.091,NA,210.095,NA,NA,395.273,NA,NA,395.273,152.39,38.13,NA,204.753,NA,NA,436.196,NA,NA,436.196,167.456,42.11,NA,226.63,NA,NA,533.851,NA,NA,533.851,205.105,51.546,NA,277.2,NA,NA
Millones de pesos a precios de 2013|Total cultura|Subtotal de áreas generales y específicas|Música y conciertos|Gestión pública en música y conciertos,2140.539668812934,NA,NA,2140.54,NA,NA,1968.3477246879047,172.19194412502932,NA,NA,2107.4383325334934,NA,NA,2107.438,NA,NA,1935.5969609149868,171.8413716185066,NA,NA,2212.9617793998254,NA,NA,2212.962,NA,NA,2036.032130453258,176.92964894656728,NA,NA,2314.0656774380104,NA,NA,2314.066,NA,NA,2132.9973217925594,181.0683556454508,NA,NA,2337.2930040433143,NA,NA,2337.293,NA,NA,2153.2749486074313,184.01805543588287,NA,NA,2179.6524071187555,NA,NA,2179.652,NA,NA,2005.089110276119,174.56329684263642,NA,NA,1883.1276243510713,NA,NA,1883.128,NA,NA,1553.9079228185722,329.21970153249913,NA,NA,1940.4450240566018,NA,NA,1940.445,NA,NA,1847.6136131633125,92.83141089328927,NA,NA,2082.059095253258,NA,NA,2082.059,NA,NA,1929.9806968235046,152.0783984297535,NA,NA,1989.0415896544034,NA,NA,1989.042,NA,NA,1899.9290725863814,89.11251706802204,NA,NA,1957.1929346524441,NA,NA,1957.193,NA,NA,1877.5370576339435,79.65587701850065,NA,NA,2020.9887886321835,NA,NA,2020.989,NA,NA,1929.8509081668994,91.13788046528406,NA,NA
"Millones de pesos a precios de 2013|Total cultura|Subtotal de áreas generales y específicas|Libros, impresiones y prensa",55257.757,10100.111,8244.026,73601.894,27745.692,33768.589,9444.758,874.937,-43.749,1811.668,50732.512,8903.539,7459.346,67095.397,25794.379,28795.833,9967.433,796.002,-97.053,1838.804,50443.839,8002.494,7021.543,65467.876,28535.447,24515.986,9681.9,847.486,154.242,1732.815,51551.264,8171.492,6827.659,66550.415,26875.469,25947.433,10913.937,819.638,259.72,1734.222,52835.681,8610.048,7155.254,68600.983,28301.378,27457.647,10192.009,870.316,-16.787,1796.421,50388.907,8344.517,6881.371,65614.795,26578.598,26659.223,9532.289,770.679,162.693,1911.316,49358.587,9223.438,6873.4,65455.425,27195.974,26027.558,9059.523,684.668,207.672,2280.03,51049.974,8361.098,6557.514,65968.586,27123.488,25821.292,10037.091,598.913,105.679,2282.125,50532.316,8252.184,6375.803,65160.303,27458.095,24080.402,10621.112,645.488,188.589,2166.618,49621.328,7998.798,6566.155,64186.281,26641.279,24426.273,10445.263,578.038,79.518,2015.909,46658.753,8313.63,6211.561,61183.944,26891.449,21736.506,10188.756,591.485,32.512,1743.238,40111.123,8598.491,5802.02,54511.634,24285.466,19362.011,8541.746,576.535,-40.875,1786.758
"Millones de pesos a precios de 2013|Total cultura|Subtotal de áreas generales y específicas|Libros, impresiones y prensa|Agencias noticiosas",176.552,NA,NA,176.552,43.079,117.729,15.744,NA,NA,NA,188.736,NA,NA,188.736,40.792,130.443,17.502,NA,NA,NA,186.384,NA,NA,186.384,39.129,130.561,16.694,NA,NA,NA,184.678,NA,NA,184.678,38.798,129.384,16.497,NA,NA,NA,177.263,NA,NA,177.263,38.481,124.204,14.578,NA,NA,NA,184.148,NA,NA,184.148,41.696,129.03,13.422,NA,NA,NA,186.727,NA,NA,186.727,40.227,130.837,15.663,NA,NA,NA,194.461,NA,NA,194.461,41.794,136.256,16.411,NA,NA,NA,181.018,NA,NA,181.018,37.168,126.836,17.014,NA,NA,NA,168.497,NA,NA,168.497,34.291,118.062,16.143,NA,NA,NA,150.819,NA,NA,150.819,30.042,105.675,15.101,NA,NA,NA,140.323,NA,NA,140.323,29.21,98.321,12.792,NA,NA,NA
"Millones de pesos a precios de 2013|Total cultura|Subtotal de áreas generales y específicas|Libros, impresiones y prensa|Libros",17878.165,7528.399,5471.069,30877.633,7117.055,20559.476,1436.361,726.484,17.587,1020.67,16561.861,6548.014,4903.178,28013.053,6647.856,17525.107,2009.032,648.592,13.112,1169.354,16290.393,5104.506,4307.092,25701.991,8108.531,14398.052,1393.703,689.054,14.929,1097.721,16200.832,5100.654,4140.461,25441.947,6379.175,15509.477,1820.318,658.57,29.663,1044.744,17198.62,5326.638,4363.162,26888.42,6883.79,16803.843,1308.594,711.982,24.751,1155.461,16614.234,5179.107,4220.358,26013.699,6238.16,16415.58,1469.156,620.452,21.376,1248.975,15954.878,5625.728,4170.524,25751.13,6139.18,16175.334,1479.425,557.695,18.888,1380.608,16237.998,5388.062,4051.703,25677.763,6124.622,16114.907,1362.648,526.311,24.572,1524.703,15672.196,5199.604,3889.087,24760.887,6271.39,15080.49,1478.644,536.373,27.75,1366.239,16234.228,5236.19,4063.982,25534.4,6709.929,15751.166,1471.988,509.104,13.453,1078.76,14713.464,4853.239,3624.063,23190.766,6833.648,13576.288,1109.946,491.347,19.83,1159.709,13448.466,5484.017,3525.071,22457.554,6730.996,12600.275,1433.111,519.605,1.243,1172.324
"Millones de pesos a precios de 2013|Total cultura|Subtotal de áreas generales y específicas|Libros, impresiones y prensa|Periódicos",15809.47,646.909,1008.677,17465.056,9455.487,7468.638,258.471,NA,1.693,280.767,13964.014,577.434,920.799,15462.247,8484.917,6339.021,372.367,NA,0.94,265.002,13615.061,409.817,833.831,14858.709,8839.394,5540.951,270.417,NA,2.446,205.501,14035.03,339.18,766.296,15140.506,8813.319,5805.039,338.309,NA,2.585,181.256,14154.17,294.535,790.951,15239.656,8980.413,5835.519,239.453,NA,2.748,181.523,13727.704,248.847,750.747,14727.298,8720.978,5588.01,268.274,NA,1.951,148.085,13615.224,205.724,683.663,14504.611,8774.128,5376.528,254.987,NA,2.238,96.73,14004.572,178.705,664.017,14847.294,9073.469,5453.541,239.138,NA,2.549,78.598,13291.658,166.165,633.13,14090.953,8805.848,4950.31,256.017,NA,3.889,74.888,12614.824,78.155,647.405,13340.384,8291.204,4750.891,246.206,NA,1.587,50.496,11730.465,68.428,560.646,12359.539,7833.125,4308.004,183.763,NA,0.763,33.885,9749.475,58.684,475.218,10283.377,6488.892,3543.368,205.579,NA,-0.28,45.817
"Millones de pesos a precios de 2013|Total cultura|Subtotal de áreas generales y específicas|Libros, impresiones y prensa|Revistas",6691.635,12.431,815.512,7519.578,2813.464,4478.664,224.528,NA,2.922,NA,5813.401,12.729,748.926,6575.056,2631.064,3615.511,326.23,NA,2.251,NA,5553.225,12.398,716.662,6282.285,2913.826,3118.2,247.607,NA,2.652,NA,5409.7,12.426,671.356,6093.482,2611.889,3161.457,314.934,NA,5.202,NA,5418.977,12.63,711.857,6143.464,2710.856,3199.693,228.564,NA,4.35,NA,5151.352,12.323,686.124,5849.799,2448.134,3140.053,257.84,NA,3.773,NA,4845.444,13.427,631.92,5490.791,2398.803,2844.505,244.291,NA,3.192,NA,4700.589,13.9,620.942,5335.431,2427.055,2673.725,230.413,NA,4.239,NA,4755.309,13.413,593.497,5362.219,2530.528,2579.727,247.27,NA,4.695,NA,4762.968,13.643,638.096,5414.707,2574.457,2590.481,247.47,NA,2.299,NA,4295.491,14.486,552.33,4862.307,2342.689,2332.353,183.802,NA,3.465,NA,3662.683,15.059,467.937,4145.679,2145.577,1792.41,207.407,NA,0.285,NA
"Millones de pesos a precios de 2013|Total cultura|Subtotal de áreas generales y específicas|Libros, impresiones y prensa|Otros productos editoriales e impresos",5064.081,1912.372,948.468,7924.921,7049.229,447.828,-16.436,0.024,-65.954,510.231,4917.046,1765.362,886.162,7568.57,6773.575,508.23,-4.337,0.013,-113.359,404.448,5151.982,2475.773,1163.643,8791.398,7471.812,730.157,18.845,6.779,134.213,429.593,5420.015,2719.232,1249.216,9388.463,7885.123,750.404,16.656,5.794,222.265,508.222,5459.959,2976.245,1288.976,9725.18,8449.536,834.535,30.292,0.019,-48.639,459.437,5239.616,2904.24,1223.864,9367.72,7925.013,762.91,29.916,0.035,135.59,514.256,5616.596,3378.559,1387,10382.155,8547.534,813.46,35.094,0.027,183.348,802.692,5575.746,2780.431,1220.55,9576.727,8095.94,703.22,24.412,0.019,74.312,678.824,5895.127,2873.002,1259.777,10027.906,8487.646,647.563,14.937,0.016,152.253,725.491,5658.273,2670.81,1216.359,9545.442,7932.569,641.514,22.523,0.005,62.178,886.653,5907.278,3377.477,1474.186,10758.941,9152.56,985.772,62.438,0.078,8.449,549.644,5505.26,3040.731,1333.485,9879.476,8304.51,953.058,95.423,NS,-42.124,568.617
"Millones de pesos a precios de 2013|Total cultura|Subtotal de áreas generales y específicas|Libros, impresiones y prensa|Publicaciones digitales",1586.884,NA,0.3,1587.184,1071.106,514.251,NA,1.824,0.003,NA,1539.505,NA,0.281,1539.786,1030.076,508.007,NA,1.7,0.003,NA,1414.326,NA,0.315,1414.641,983.17,429.782,NA,1.687,0.002,NA,1380.808,NA,0.33,1381.138,968.395,410.924,NA,1.814,0.005,NA,1528.135,NA,0.308,1528.443,1060.186,466.312,NA,1.943,0.003,NA,1447.798,NA,0.278,1448.076,1013.897,432.254,NA,1.923,0.003,NA,1606.499,NA,0.293,1606.792,1111.251,493.592,NA,1.943,0.006,NA,1703.043,NA,0.302,1703.345,1168.935,532.317,NA,2.086,0.007,NA,1652.911,NA,0.312,1653.223,1152.496,498.747,NA,1.979,0.002,NA,1313.506,NA,0.313,1313.819,937.384,374.424,NA,2.01,0.001,NA,803.989,NA,0.336,804.325,554.888,247.613,NA,1.819,0.005,NA,652.846,NA,0.309,653.155,445.313,206.147,NA,1.694,0.001,NA
"Millones de pesos a precios de 2013|Total cultura|Subtotal de áreas generales y específicas|Libros, impresiones y prensa|Propiedad intelectual en libros",450.074,NA,NA,450.074,196.272,182.003,64.487,7.312,NA,NA,433.987,NA,NA,433.987,186.099,169.514,71.687,6.687,NA,NA,423.088,NA,NA,423.088,179.585,168.283,68.38,6.84,NA,NA,434.073,NA,NA,434.073,178.77,180.748,67.569,6.986,NA,NA,438.88,NA,NA,438.88,178.116,193.541,59.711,7.512,NA,NA,444.14,NA,NA,444.14,190.72,191.386,54.977,7.057,NA,NA,449.13,NA,NA,449.13,184.851,193.302,64.154,6.822,NA,NA,473.216,NA,NA,473.216,191.673,207.326,67.218,6.999,NA,NA,446.241,NA,NA,446.241,173.019,196.729,69.688,6.806,NA,NA,434.056,NA,NA,434.056,161.445,199.735,66.122,6.754,NA,NA,393.399,NA,NA,393.399,144.497,180.801,61.852,6.248,NA,NA,367.894,NA,NA,367.894,140.968,168.432,52.397,6.097,NA,NA
"Millones de pesos a precios de 2013|Total cultura|Subtotal de áreas generales y específicas|Libros, impresiones y prensa|Gestión pública en libros, impresiones y prensa",7600.896078896297,NA,NA,7600.896,NA,NA,7461.602863210814,139.293215685483,NA,NA,7313.9615955426625,NA,NA,7313.962,NA,NA,7174.951972518918,139.00962302374379,NA,NA,7809.379608174668,NA,NA,7809.38,NA,NA,7666.253866275987,143.1257418986807,NA,NA,8486.127861195791,NA,NA,8486.128,NA,NA,8339.65414754503,146.47371365076182,NA,NA,8459.677111992294,NA,NA,8459.677,NA,NA,8310.817263663723,148.85984832857076,NA,NA,7579.915341660788,NA,NA,7579.915,NA,NA,7438.703840266653,141.2115013941348,NA,NA,7084.089442436421,NA,NA,7084.089,NA,NA,6965.908894345743,118.18054809067851,NA,NA,8160.349353559617,NA,NA,8160.349,NA,NA,8096.851322135155,63.49803142446177,NA,NA,8637.855585038365,NA,NA,8637.856,NA,NA,8537.541750923558,100.31383411480815,NA,NA,8434.975982917118,NA,NA,8434.976,NA,NA,8374.811065814922,60.16491710219571,NA,NA,8663.847678373337,NA,NA,8663.848,NA,NA,8571.854285211228,91.99339316210947,NA,NA,6584.176201465201,NA,NA,6584.176,NA,NA,6535.0374529296305,49.13874853557086,NA,NA
Millones de pesos a precios de 2013|Total cultura|Subtotal de áreas generales y específicas|Medios audiovisuales,343880.476,33647.807,16861.919,394390.202,165388.524,209890.974,5465.176,9164.332,43.312,4437.887,355940.435,31671.464,14378.97,401990.869,165698.578,219818.514,5308.266,6706.481,119.141,4339.886,360775.77,33214.315,16076.811,410066.896,169382.475,224984.032,5635.24,6681.982,186.103,3197.062,379845.52,35038.243,18196.403,433080.166,184139.485,229257.475,6107.007,7599.425,506.981,5469.793,418419.896,34799.596,14765.556,467985.048,182231.013,265218.269,6299.099,6568.207,721.502,6946.953,434204.083,28069.234,12865.552,475138.869,174081.76,281411.042,5720.731,5126.356,282.034,8516.946,444598.888,24744.167,12009.879,481352.934,174768.392,284475.509,6024.347,5391.468,298.231,10394.99,494556.068,27163.061,13171.103,534890.232,179746.46,328673.45,7197.6,6244.503,184.016,12844.205,545729.797,25504.814,12256.773,583491.384,193880.949,365005.172,7145.953,5764.404,190.371,11504.535,585251.365,27566.637,12602.668,625420.67,201354.052,399881.194,6284.044,5384.036,162.07,12355.272,614895.53,27564.676,12288.11,654748.316,218176.252,412575.441,6877.887,5979.427,413.518,10725.79,629618.948,29925.29,13083.455,672627.693,214783.473,430029.478,6407.391,5869.792,110.58,15426.977
Millones de pesos a precios de 2013|Total cultura|Subtotal de áreas generales y específicas|Medios audiovisuales|Cine,25011.562,324.318,1775.022,27110.902,8574.761,18221.797,NA,283.077,-124.363,155.631,22845.454,567.748,1343.884,24757.086,7903.787,16307.451,NA,367.377,-10.884,189.355,23802.255,1025.938,1396.646,26224.839,8259.89,17025.186,22.018,684.009,7.763,225.973,25271.97,906.52,1437.528,27616.018,7952.608,18681.509,89.501,604.153,92.27,195.978,27031.097,1798.61,1657.718,30487.425,7699.605,21067.119,235.648,1269.5,38.783,176.77,28133.887,1592.757,1448.469,31175.113,7375.648,22389.632,205.711,1036.64,-4.202,171.684,29077.81,782.344,1222.421,31082.575,6994.442,23025.94,374.097,616.736,7.375,63.986,31646.604,515.532,1230.49,33392.626,6430.035,25899.906,417.544,562.887,50.883,31.372,36041.137,486.283,1392.073,37919.493,7016.612,29783.645,425.652,628.83,47.514,17.241,38762.538,393.559,1485.718,40641.815,7730.661,31807.382,459.449,609.16,-5.047,40.209,39364.095,439.18,1504.751,41308.026,8229.956,31934.873,414.996,677.25,-25.914,76.864,41197.252,332.18,1601.618,43131.05,7222.657,34783.016,172.918,754.441,53.022,144.995
Millones de pesos a precios de 2013|Total cultura|Subtotal de áreas generales y específicas|Medios audiovisuales|Internet,220946.041,2363.262,NA,223309.303,83977.95,137125.361,NA,NA,NA,2205.992,237090.234,1993.701,NA,239083.935,86298.87,150938.829,NA,NA,NA,1846.236,236967.208,678.439,NA,237645.647,87622.052,148789.355,NA,NA,NA,1234.239,246401.066,909.808,NA,247310.874,99884.909,146010.942,NA,NA,NA,1415.023,286862.39,1440.501,NA,288302.891,107268.362,179430.044,NA,NA,NA,1604.484,301011.532,1228.65,NA,302240.182,108111.861,192935.752,NA,NA,NA,1192.57,308524.628,1126.537,NA,309651.165,108416.629,200088.39,NA,NA,NA,1146.146,348961.949,1198.826,NA,350160.775,112422.665,235722.871,NA,NA,NA,2015.24,400787.711,1315.111,NA,402102.822,125204.627,275313.288,NA,NA,NA,1584.906,435853.666,1287.516,NA,437141.182,132071.038,303860.223,NA,NA,NA,1209.921,460871.079,1964.59,NA,462835.669,147698.614,314092.351,NA,NA,NA,1044.704,480937.743,4736.354,NA,485674.097,149255.875,335346.663,NA,NA,NA,1071.559
Millones de pesos a precios de 2013|Total cultura|Subtotal de áreas generales y específicas|Medios audiovisuales|Radio,24373.935,13322.185,7703.736,45399.856,29888.331,10495.973,88.631,3564.94,104.879,1257.103,22098.768,10981.167,6398.987,39478.922,27465.545,8525.329,81.392,2043.085,135.865,1227.704,21990.881,13488.763,7932.187,43411.831,29130.864,10498.398,83.217,2328.043,137.976,1233.332,25607.458,13429.974,9032.784,48070.216,28940.514,12490.341,76.263,2686.164,254.69,3622.243,22836.006,12530.731,6676.199,42042.936,22289.858,12040.904,98.103,2343.62,385.249,4885.202,22988.081,8708.873,5485.422,37182.376,15555.607,12788.762,84.769,1591.505,155.184,7006.549,25405.289,8224.982,5648.866,39279.137,15144.174,13468.899,84.472,1634.493,153.054,8794.045,27224.37,11648.823,6903.698,45776.891,16415.536,16092.255,76.45,2612.87,75.132,10504.648,26684.173,11640.982,6545.789,44870.944,17777.11,15173.323,69.391,2541.465,72.258,9237.397,25875.5,12283.429,6475.411,44634.34,17185.163,14479.426,63.403,2306.681,76.481,10523.186,25052.635,9650.574,5568.612,40271.821,14955.392,13629.637,65.528,2425.989,230.553,8964.723,26051.035,8615.971,5772.559,40439.565,12495.441,12337.303,67.593,2147.053,10.805,13381.37
Millones de pesos a precios de 2013|Total cultura|Subtotal de áreas generales y específicas|Medios audiovisuales|Televisión,61021.295,7592.094,3360.492,71973.881,36520.004,34359.132,NA,906.286,43.185,145.274,61802.715,10127.422,3432.112,75362.249,38029.776,36597.644,NA,583.216,60.498,91.114,65385.177,10826.857,3867.179,80079.213,38142.991,40921.667,5.081,814.269,70.04,125.165,69327.869,12726.278,4896.808,86950.955,41161.423,44241.214,20.655,1193.268,166.787,167.609,68113.601,11739.424,3512.394,83365.419,38490.994,43357.482,54.383,979.352,253.931,229.275,68622.888,9456.263,3095.56,81174.711,36307.678,43728.283,47.474,837.321,120.195,133.759,67345.723,10099.859,3332.488,80778.07,37466.068,41766.736,86.334,982.768,131.786,344.378,71662.402,9406.499,3277.687,84346.588,37662.28,44981.416,96.361,1289.656,32.55,284.325,66998.48,7728.042,2583.302,77309.824,36846.804,38867.835,98.232,818.049,29.951,648.954,70767.023,7941.454,2374.85,81083.327,37187.237,42253.768,106.032,931.322,40.496,564.472,74600.763,8947.684,2586.886,86135.333,39771.816,44232.27,95.773,1226.364,181.723,627.386,67059.304,9513.868,3015.639,79588.811,38608.881,38588.22,39.906,1515.203,30.788,805.813
Millones de pesos a precios de 2013|Total cultura|Subtotal de áreas generales y específicas|Medios audiovisuales|Videojuegos,466.515,10045.948,4022.669,14535.132,1155.277,9655.766,NA,3030.592,19.611,673.887,442.595,8001.426,3203.987,11648.008,992.149,7411.07,NA,2325.65,-66.338,985.477,435.74,7194.318,2880.799,10510.857,959.025,7717.484,NA,1485.671,-29.676,378.353,433.442,7065.663,2829.283,10328.388,832.042,7797.48,NA,1636.692,-6.766,68.94,449.34,7290.33,2919.245,10658.915,884.948,9288.6,NA,390.604,43.539,51.222,453.891,7082.691,2836.101,10372.683,799.826,9536.667,NA,12.949,10.857,12.384,488.815,4510.445,1806.104,6805.364,649.306,6095.625,NA,7.983,6.016,46.435,517.924,4393.381,1759.228,6670.533,686.24,5944.332,NA,5.89,25.451,8.62,511.539,4334.396,1735.609,6581.544,685.301,5835.053,NA,4.504,40.648,16.037,476.267,5660.679,2266.689,8403.635,874.865,7454.84,NA,6.306,50.14,17.484,401.07,6562.648,2627.861,9591.579,880.076,8666.04,NA,6.195,27.156,12.113,394.507,6726.917,2693.639,9815.063,810.774,8955.796,NA,9.288,15.965,23.24
Millones de pesos a precios de 2013|Total cultura|Subtotal de áreas generales y específicas|Medios audiovisuales|Propiedad intelectual en medios audiovisuales,6199.918,NA,NA,6199.918,5272.201,32.945,14.7,880.072,NA,NA,5951.788,NA,NA,5951.788,5008.451,38.191,16.341,888.805,NA,NA,6172.106,NA,NA,6172.106,5267.653,31.942,15.626,856.885,NA,NA,6373.578,NA,NA,6373.578,5367.989,35.989,15.558,954.041,NA,NA,6696.857,NA,NA,6696.857,5597.246,34.12,14.022,1051.47,NA,NA,7117.675,NA,NA,7117.675,5931.14,31.946,12.89,1141.699,NA,NA,7363.881,NA,NA,7363.881,6097.773,29.919,15.276,1220.913,NA,NA,7509.433,NA,NA,7509.433,6129.704,32.67,16.05,1331.009,NA,NA,7829.19,NA,NA,7829.19,6350.495,32.028,16.627,1430.04,NA,NA,7625.891,NA,NA,7625.891,6305.088,25.555,15.873,1279.374,NA,NA,7902.527,NA,NA,7902.527,6640.398,20.27,14.822,1227.037,NA,NA,7699.732,NA,NA,7699.732,6389.845,18.48,12.245,1279.162,NA,NA
Millones de pesos a precios de 2013|Total cultura|Subtotal de áreas generales y específicas|Medios audiovisuales|Gestión pública en audiovisuales,5861.210392106412,NA,NA,5861.21,NA,NA,5361.8453978751995,499.3649942312125,NA,NA,5708.880963531133,NA,NA,5708.881,NA,NA,5210.5326465817,498.3483169494332,NA,NA,6022.4025226460435,NA,NA,6022.403,NA,NA,5509.297954517235,513.1045681288084,NA,NA,6430.136554441354,NA,NA,6430.137,NA,NA,5905.029536039308,525.107018402045,NA,NA,6430.604650250662,NA,NA,6430.605,NA,NA,5896.94335931097,533.6612909396927,NA,NA,5876.12886218553,NA,NA,5876.129,NA,NA,5369.886829994352,506.24203219117777,NA,NA,6392.74218909121,NA,NA,6392.742,NA,NA,5464.167587031251,928.5746020599588,NA,NA,7033.385852433562,NA,NA,7033.386,NA,NA,6591.194868171298,442.1909842622634,NA,NA,6877.567110538081,NA,NA,6877.567,NA,NA,6536.051053549641,341.516056988439,NA,NA,5890.480196749346,NA,NA,5890.48,NA,NA,5639.287267361073,251.19292938827357,NA,NA,6703.360715577524,NA,NA,6703.361,NA,NA,6286.7683840268655,416.59233155065857,NA,NA,6279.37463871008,NA,NA,6279.375,NA,NA,6114.729407202163,164.64523150791723,NA,NA
Millones de pesos a precios de 2013|Total cultura|Subtotal de áreas generales y específicas|Artesanías,121133.773,NA,38089.713,159223.486,29405.686,121539.082,400.454,6680.126,1198.138,NA,114884.835,NA,36209.361,151094.196,29278.648,114001.922,392.908,6671.785,748.933,NA,122414.592,NA,38525.7,160940.292,29652.321,123094.997,410.89,6914.401,867.685,NA,122716.587,NA,38651.625,161368.212,30853.477,122583.14,435.575,7054.412,441.61,NA,128147.497,NA,40377.2,168524.697,31513.071,129179.607,434.994,6861.545,535.481,NA,127829.704,NA,40058.365,167888.069,30162.75,130372.591,407.891,6058.137,886.699,NA,127509.348,NA,39879.684,167389.032,31629.042,128549.957,533.703,5969.215,707.116,NA,134911.728,NA,42195.994,177107.722,33770.136,134439.986,540.694,6577.942,1778.964,NA,137931.832,NA,43388.628,181320.46,32421.141,142165.889,399.169,6207.298,126.961,NA,141722.898,NA,44673.492,186396.39,35702.115,143535.446,390.994,5702.371,1065.465,NA,145822.889,NA,46269.626,192092.515,34318.59,150519.416,422.277,5993.721,838.509,NA,144766.686,NA,45947.348,190714.034,34144.435,151007.834,317.621,5441.788,-197.646,NA
Millones de pesos a precios de 2013|Total cultura|Subtotal de áreas generales y específicas|Artesanías|Alfarería y cerámica,2683.198,NA,838.025,3521.223,1285.611,2217.781,NA,2.421,15.409,NA,2433.214,NA,759.949,3193.163,1202.39,1989.154,NA,1.462,0.156,NA,2799.263,NA,874.274,3673.537,1203.841,2454.611,NA,2.074,13.012,NA,2912.957,NA,909.784,3822.741,1224.34,2592.571,NA,2.044,3.786,NA,2938.517,NA,917.767,3856.284,1260.566,2560.909,NA,2.745,32.064,NA,2839.271,NA,886.77,3726.041,1306.79,2410.782,NA,1.606,6.863,NA,2833.625,NA,885.007,3718.632,1299.602,2409.981,NA,2.053,6.996,NA,2864.872,NA,894.766,3759.638,1346.714,2399.518,NA,1.674,11.731,NA,2409.165,NA,752.438,3161.603,1223.007,1927.517,NA,1.738,9.34,NA,3196.634,NA,998.383,4195.017,1512.961,2680.262,NA,2.142,-0.348,NA,2589.95,NA,808.901,3398.851,1314.333,2067.107,NA,1.293,16.117,NA,4293.819,NA,1341.059,5634.878,1793.002,3843.335,NA,1.166,-2.625,NA
Millones de pesos a precios de 2013|Total cultura|Subtotal de áreas generales y específicas|Artesanías|Fibras vegetales y textiles,32905.934,NA,10050.709,42956.643,5121.848,36951.563,NA,875.895,7.338,NA,31108.432,NA,9592.731,40701.163,5684.559,34025.935,NA,912.14,78.529,NA,33134.587,NA,10157.327,43291.914,5687.797,36752.776,NA,624.484,226.856,NA,33010.118,NA,10072.241,43082.359,5207.856,36972.991,NA,672.099,229.414,NA,34102.986,NA,10495.684,44598.67,5242.633,39027.205,NA,276.424,52.408,NA,34766.387,NA,10632.437,45398.824,4548.104,40641.457,NA,83.798,125.464,NA,34024.685,NA,10349.587,44374.272,4477.003,39531.853,NA,88.548,276.868,NA,36649.363,NA,11137.177,47786.54,5408.509,42009.296,NA,90.009,278.726,NA,39704.731,NA,12311.024,52015.755,5220.904,46503.931,NA,100.816,190.104,NA,38894.935,NA,12195.564,51090.499,5121.051,45630.089,NA,109.259,230.1,NA,41720.997,NA,13262.489,54983.486,5370.712,49373.588,NA,117.362,121.824,NA,40939.326,NA,13064.135,54003.461,5417.898,48469.948,NA,125.056,-9.44,NA
"Millones de pesos a precios de 2013|Total cultura|Subtotal de áreas generales y específicas|Artesanías|Madera, maque y laca, instrumentos musicales y juguetería",28059.34,NA,9257.696,37317.036,5346.472,26157.228,NA,5752.688,60.648,NA,26900.168,NA,8910.383,35810.551,5198.148,24873.91,NA,5687.833,50.66,NA,28748.004,NA,9544.141,38292.145,5164.72,26791.254,NA,6201.753,134.418,NA,28841.714,NA,9623.162,38464.876,5285.419,26813.759,NA,6308.509,57.19,NA,30465.47,NA,10083.758,40549.228,5821.222,28282.644,NA,6506.838,-61.476,NA,27882.881,NA,9112.736,36995.617,5048.076,25875.855,NA,5895.166,176.52,NA,28336.632,NA,9226.525,37563.157,5436.628,26323.279,NA,5783.614,19.637,NA,30388.125,NA,9910.058,40298.183,5746.13,28113.874,NA,6372.323,65.856,NA,29247.014,NA,9500.581,38747.595,5839.653,26800.563,NA,5986.88,120.5,NA,27947.574,NA,9008.328,36955.902,5944.17,25471.037,NA,5462.048,78.647,NA,29533.743,NA,9593.564,39127.307,6150.311,27185.357,NA,5726.533,65.105,NA,27627.058,NA,8877.357,36504.415,5833.372,25469.781,NA,5202.974,-1.712,NA
"Millones de pesos a precios de 2013|Total cultura|Subtotal de áreas generales y específicas|Artesanías|Cartón y papel, plástica popular, cerería y pirotecnia",5146.164,NA,1551.292,6697.456,2805.739,3764.715,NA,NA,127.003,NA,5024.307,NA,1508.831,6533.138,2631.599,3942.044,NA,NA,-40.505,NA,5094.075,NA,1531.913,6625.988,2643.191,3874.679,NA,NA,108.119,NA,5345.703,NA,1619.813,6965.516,3757.981,3256.071,NA,NA,-48.535,NA,5667.188,NA,1717.752,7384.94,3935.946,3479.93,NA,NA,-30.936,NA,5752.4,NA,1747.606,7500.006,3866.554,3383.486,NA,NA,249.966,NA,6100.607,NA,1849.209,7949.816,4322.901,3519.855,NA,NA,107.06,NA,6283.406,NA,1902.828,8186.234,4558.4,3563.325,NA,NA,64.51,NA,5773.654,NA,1755.133,7528.787,3551.471,3710.137,NA,NA,267.179,NA,5961.419,NA,1816.159,7777.578,3720.898,3838.353,NA,NA,218.328,NA,6810.912,NA,2092.972,8903.884,4335.818,4466.485,NA,NA,101.582,NA,6175.473,NA,1879.345,8054.818,4241.146,3853.234,NA,NA,-39.563,NA
"Millones de pesos a precios de 2013|Total cultura|Subtotal de áreas generales y específicas|Artesanías|Metalistería, joyería y orfebrería",4142.813,NA,1314.844,5457.657,2948.884,2450.407,NA,45.797,12.569,NA,4099.695,NA,1289.16,5388.855,3025.635,2272.746,NA,67.032,23.442,NA,4413.504,NA,1391.532,5805.036,3325.108,2368,NA,82.673,29.255,NA,4473.617,NA,1420.628,5894.245,3413.849,2405.522,NA,68.263,6.611,NA,4630.641,NA,1469.879,6100.52,3484.525,2448.327,NA,71.984,95.684,NA,4530.823,NA,1451.571,5982.394,3385.603,2511.775,NA,74.196,10.82,NA,4911.922,NA,1575.831,6487.753,3785.047,2533.212,NA,89.764,79.73,NA,5022.033,NA,1632.371,6654.404,3836.441,2617.381,NA,109.639,90.943,NA,7290.677,NA,2369.647,9660.324,4433.515,5090.896,NA,101.494,34.419,NA,8025.2,NA,2600.804,10626.004,4888.446,5558.417,NA,116.693,62.447,NA,9246.821,NA,3037.825,12284.646,4783.483,7341.867,NA,127.759,31.537,NA,8912.094,NA,2938.722,11850.816,4285.063,7462.529,NA,101.671,1.552,NA
"Millones de pesos a precios de 2013|Total cultura|Subtotal de áreas generales y específicas|Artesanías|Lapidaria, cantería y vidrio",10582.515,NA,3386.602,13969.117,8076.491,5594.451,NA,NA,298.174,NA,9830.119,NA,3135.269,12965.388,7979.362,4996.758,NA,NA,-10.732,NA,10162.066,NA,3254.254,13416.32,7820.71,5429.949,NA,NA,165.661,NA,10116.777,NA,3233.036,13349.813,8088.054,5296.472,NA,NA,-34.714,NA,10077.518,NA,3217.755,13295.273,8054.663,5192.692,NA,NA,47.918,NA,10725.524,NA,3431.378,14156.902,8039.245,5988.945,NA,NA,128.713,NA,11534.561,NA,3684.961,15219.522,8610.643,6458.096,NA,NA,150.783,NA,12256.176,NA,3922.579,16178.755,8959.144,6937.589,NA,NA,282.022,NA,10752.677,NA,3444.954,14197.631,7995.656,6522.653,NA,NA,-320.678,NA,13704.817,NA,4391.153,18095.97,10271.614,7743.245,NA,NA,81.112,NA,10808.009,NA,3463.235,14271.244,8262.284,6009.648,NA,NA,-0.689,NA,11014.512,NA,3533.719,14548.231,8414.296,6134.588,NA,NA,-0.653,NA
Millones de pesos a precios de 2013|Total cultura|Subtotal de áreas generales y específicas|Artesanías|Talabartería y marroquinería,8290.61,NA,2210.939,10501.549,962.473,9530.271,NA,NA,8.805,NA,7580.476,NA,1969.366,9549.842,824.087,8661.042,NA,NA,64.714,NA,8214.157,NA,2131.596,10345.753,986.351,9393.824,NA,NA,-34.422,NA,8208.159,NA,2135.241,10343.4,1194.481,9378.349,NA,NA,-229.43,NA,8492.955,NA,2202.17,10695.125,877.8,9725.71,NA,NA,91.615,NA,8328.836,NA,2112.179,10441.015,1164.674,9355.457,NA,NA,-79.117,NA,8283.65,NA,2120.737,10404.387,803.45,9476.587,NA,NA,124.35,NA,8344.874,NA,2105.246,10450.12,768.974,9509.906,NA,NA,171.24,NA,8391.625,NA,2124.114,10515.739,810.858,9526.926,NA,NA,177.954,NA,8228.974,NA,2061.71,10290.684,806.293,9299.771,NA,NA,184.62,NA,7629.421,NA,1887.556,9516.977,684.28,8703.577,NA,NA,129.12,NA,7381.433,NA,1831.242,9212.675,644.002,8507.93,NA,NA,60.743,NA
Millones de pesos a precios de 2013|Total cultura|Subtotal de áreas generales y específicas|Artesanías|Alimentos y dulces típicos,28919.42,NA,9479.606,38399.026,2858.168,34872.666,NA,NA,668.192,NA,27512.198,NA,9043.672,36555.87,2732.868,33240.333,NA,NA,582.669,NA,29434.63,NA,9640.663,39075.293,2820.603,36029.904,NA,NA,224.786,NA,29368.47,NA,9637.72,39006.19,2681.497,35867.405,NA,NA,457.288,NA,31333.675,NA,10272.435,41606.11,2835.716,38462.19,NA,NA,308.204,NA,32592.32,NA,10683.688,43276.008,2803.704,40204.834,NA,NA,267.47,NA,30944.727,NA,10187.827,41132.554,2893.768,38297.094,NA,NA,-58.308,NA,32557.887,NA,10690.969,43248.856,3145.824,39289.097,NA,NA,813.936,NA,33946.75,NA,11130.737,45077.487,3346.077,42083.266,NA,NA,-351.857,NA,35360.122,NA,11601.391,46961.513,3436.682,43314.272,NA,NA,210.559,NA,37039.985,NA,12123.084,49163.069,3417.369,45371.787,NA,NA,373.913,NA,38094.429,NA,12481.769,50576.198,3515.656,47266.489,NA,NA,-205.948,NA
Millones de pesos a precios de 2013|Total cultura|Subtotal de áreas generales y específicas|Artesanías|Gestión pública en artesanías,403.77939955771825,NA,NA,403.779,NA,NA,400.45425233274864,3.3251472249695877,NA,NA,396.2261929222459,NA,NA,396.226,NA,NA,392.9078154982861,3.3183774239598023,NA,NA,414.3061424325316,NA,NA,414.306,NA,NA,410.8895068041985,3.4166356283331236,NA,NA,439.0717547766164,NA,NA,439.072,NA,NA,435.57519781883497,3.496556957781398,NA,NA,438.5470360504204,NA,NA,438.547,NA,NA,434.993518320621,3.5535177297994367,NA,NA,411.262086365329,NA,NA,411.262,NA,NA,407.8911466559988,3.3709397093302385,NA,NA,538.9390627695914,NA,NA,538.939,NA,NA,533.7028794736476,5.236183295943795,NA,NA,544.9915103331731,NA,NA,544.992,NA,NA,540.6941952916934,4.297315041479665,NA,NA,415.5390609185981,NA,NA,415.539,NA,NA,399.1694738937327,16.369587024865414,NA,NA,403.2227036768638,NA,NA,403.223,NA,NA,390.99400987370757,12.22869380315619,NA,NA,443.05077466426565,NA,NA,443.051,NA,NA,422.2768600340628,20.773914630202846,NA,NA,328.5421104714964,NA,NA,328.542,NA,NA,317.6212079704492,10.920902501047248,NA,NA
Millones de pesos a precios de 2013|Total cultura|Subtotal de áreas generales y específicas|Diseño y servicios creativos,71113.941,47.665,11.544,71173.15,57267.321,7780.562,1640.338,4475.037,0.973,8.92,67571.579,90.994,20.852,67683.425,54712.205,6993.384,1597.532,4374.183,-1.781,7.902,67354.058,121.367,27.629,67503.054,54387.378,6936.63,1684.893,4480.922,-2.289,15.52,68110.522,99.946,19.234,68229.702,54483.362,7261.954,1796.091,4668.722,1.721,17.85,69661.819,165.243,40.676,69867.738,55651.743,7548.934,1802.434,4841.463,4.937,18.231,69974.855,117.075,27.529,70119.459,54978.756,7965.937,1645.052,5513.307,3.033,13.371,71928.182,110.019,24.493,72062.694,56525.329,8279.242,1166.359,6033.583,2.907,55.275,73954.67,142.502,36.125,74133.297,56605.6,9760.304,1368.775,6375.984,1.661,20.972,76155.928,117.307,29.339,76302.574,59751.003,8040.627,1429.675,7049.696,1.685,29.891,77948.923,93.143,20.61,78062.676,61121.516,8991.016,1419.672,6501.432,1.156,27.881,80092.269,94.753,21.035,80208.057,63187.582,8981.078,1794.163,6236.869,0.455,7.91,78734.548,106.28,24.771,78865.599,62066.401,8249.036,1708.425,6831.364,0.941,9.434
Millones de pesos a precios de 2013|Total cultura|Subtotal de áreas generales y específicas|Diseño y servicios creativos|Arquitectónico,11849.127,20.99,6.548,11876.665,6112.188,5639.545,NA,122.418,0.037,2.476,10634.473,50.346,15.827,10700.646,5731.61,4816.401,NA,151.21,0.406,1.019,10738.548,71.956,22.663,10833.167,5798.791,4870.063,NA,163.989,-2.231,2.555,11214.597,45.18,14.125,11273.902,6046.456,5085.946,NA,135.145,0.401,5.953,12252.666,113.937,35.646,12402.249,6767.293,5447.284,NA,178.599,2.57,6.504,12317.969,72.913,22.597,12413.479,6457.013,5799.572,NA,149.63,1.144,6.12,12577.885,62.963,19.626,12660.474,6459.246,6006.534,NA,146.175,0.548,47.971,13547.285,99.068,30.858,13677.211,6336.514,7140.131,NA,186.732,1.636,12.198,10994.613,75.831,23.796,11094.24,5486.872,5390.498,NA,191.969,0.424,24.476,11922.536,47.068,14.781,11984.385,5517.412,6270.105,NA,169.229,0.147,27.492,11653.139,48.163,15.122,11716.424,5389.619,6141.72,NA,180.72,-0.128,4.493,10564.497,59.593,18.582,10642.672,5220.654,5243.296,NA,172.861,-0.342,6.204
Millones de pesos a precios de 2013|Total cultura|Subtotal de áreas generales y específicas|Diseño y servicios creativos|Gráfico,3021.073,NA,NA,3021.073,3020.784,0.289,NA,NA,NA,NA,2649.357,NA,NA,2649.357,2649.097,0.261,NA,NA,NA,NA,2533.39,NA,NA,2533.39,2533.139,0.251,NA,NA,NA,NA,2365.604,NA,NA,2365.604,2365.348,0.256,NA,NA,NA,NA,2541.493,NA,NA,2541.493,2541.229,0.264,NA,NA,NA,NA,2461.096,NA,NA,2461.096,2460.838,0.258,NA,NA,NA,NA,2556.836,NA,NA,2556.836,2556.611,0.225,NA,NA,NA,NA,2416.311,NA,NA,2416.311,2416.075,0.235,NA,NA,NA,NA,2570.151,NA,NA,2570.151,2569.916,0.236,NA,NA,NA,NA,2505.896,NA,NA,2505.896,2505.726,0.169,NA,NA,NA,NA,2666.609,NA,NA,2666.609,2666.439,0.171,NA,NA,NA,NA,2555.643,NA,NA,2555.643,2555.487,0.156,NA,NA,NA,NA
Millones de pesos a precios de 2013|Total cultura|Subtotal de áreas generales y específicas|Diseño y servicios creativos|Informático,28871.386,3.861,NA,28875.247,24233.497,338.81,NA,4302.941,NA,NA,28896.076,3.941,NA,28900.017,24344.399,382.087,NA,4173.531,NA,NA,28837.997,3.619,NA,28841.616,24238.721,336.827,NA,4266.068,NA,NA,28756.129,3.191,NA,28759.32,23936.374,341.442,NA,4481.503,NA,NA,29301.854,3.182,NA,29305.036,24369.01,326.073,NA,4609.954,NA,NA,29431.873,3.068,NA,29434.941,23781.523,339.934,NA,5313.484,NA,NA,30514.534,3.344,NA,30517.878,24293.243,361.188,NA,5863.448,NA,NA,31939.939,3.456,NA,31943.395,25324.268,445.409,NA,6173.718,NA,NA,34088.042,3.29,NA,34091.332,26779.967,483.143,NA,6828.222,NA,NA,34037.085,3.217,NA,34040.302,27206.615,536.627,NA,6297.059,NA,NA,33818.424,3.202,NA,33821.626,27224.799,563.479,NA,6033.347,NA,NA,34944.786,3.437,NA,34948.223,27752.304,541.754,NA,6654.166,NA,NA
Millones de pesos a precios de 2013|Total cultura|Subtotal de áreas generales y específicas|Diseño y servicios creativos|Interiores,507.837,0.624,NA,508.461,124.063,383.236,NA,1.162,NA,NA,466.557,0.639,NA,467.196,118.849,347.329,NA,1.019,NA,NA,448.282,0.624,NA,448.906,122.326,325.568,NA,1.012,NA,NA,454.334,0.624,NA,454.958,127.386,326.517,NA,1.055,NA,NA,490.827,0.635,NA,491.462,130.272,360.128,NA,1.063,NA,NA,496.432,0.617,NA,497.049,133.285,362.754,NA,1.011,NA,NA,509.361,0.676,NA,510.037,133.938,375.056,NA,1.042,NA,NA,481.145,0.699,NA,481.844,127.55,353.207,NA,1.087,NA,NA,494.49,0.674,NA,495.164,125.37,368.661,NA,1.134,NA,NA,470.678,0.685,NA,471.363,124.783,345.42,NA,1.16,NA,NA,492.885,0.727,NA,493.612,127.764,364.673,NA,1.176,NA,NA,484.897,0.756,NA,485.653,132.282,352.187,NA,1.183,NA,NA
Millones de pesos a precios de 2013|Total cultura|Subtotal de áreas generales y específicas|Diseño y servicios creativos|Modas,336.67,NA,NA,336.67,336.665,0.005,NA,NA,NA,NA,316.268,NA,NA,316.268,316.262,0.006,NA,NA,NA,NA,316.517,NA,NA,316.517,316.51,0.006,NA,NA,NA,NA,315.525,NA,NA,315.525,315.518,0.007,NA,NA,NA,NA,341.487,NA,NA,341.487,341.48,0.007,NA,NA,NA,NA,347.202,NA,NA,347.202,347.194,0.007,NA,NA,NA,NA,355.251,NA,NA,355.251,355.244,0.007,NA,NA,NA,NA,342.583,NA,NA,342.583,342.576,0.007,NA,NA,NA,NA,356.037,NA,NA,356.037,356.029,0.007,NA,NA,NA,NA,352.78,NA,NA,352.78,352.772,0.008,NA,NA,NA,NA,371.41,NA,NA,371.41,371.401,0.009,NA,NA,NA,NA,369.377,NA,NA,369.377,369.367,0.01,NA,NA,NA,NA
Millones de pesos a precios de 2013|Total cultura|Subtotal de áreas generales y específicas|Diseño y servicios creativos|Industrial,2455.404,NA,4.996,2460.4,2423.827,35.62,NA,0.018,0.936,NA,2363.924,NA,5.025,2368.949,2338.173,32.939,NA,0.024,-2.187,NA,2350.988,NA,4.966,2355.954,2325.516,30.476,NA,0.021,-0.058,NA,2415.176,NA,5.109,2420.285,2388.957,29.987,NA,0.021,1.32,NA,2497.028,NA,5.03,2502.058,2468.932,30.74,NA,0.019,2.367,NA,2310.288,NA,4.932,2315.22,2281.533,31.78,NA,0.017,1.889,NA,2378.937,NA,4.867,2383.804,2349.602,31.818,NA,0.026,2.359,NA,2386.383,NA,5.267,2391.65,2358.339,33.258,NA,0.028,0.025,NA,2480.753,NA,5.543,2486.296,2447.372,37.63,NA,0.035,1.261,NA,2248.766,NA,5.829,2254.595,2220.596,32.959,NA,0.031,1.009,NA,2128.146,NA,5.913,2134.059,2101.07,32.37,NA,0.036,0.583,NA,2176.015,NA,6.189,2182.204,2149.612,31.274,NA,0.036,1.283,NA
Millones de pesos a precios de 2013|Total cultura|Subtotal de áreas generales y específicas|Diseño y servicios creativos|Publicidad,17134.778,11.05,NA,17145.828,17139.077,0.307,NA,NA,NA,6.444,15654.028,24.666,NA,15678.694,15671.578,0.232,NA,NA,NA,6.883,15547.042,34.058,NA,15581.1,15567.946,0.189,NA,NA,NA,12.965,15660.829,39.825,NA,15700.654,15688.575,0.182,NA,NA,NA,11.897,15369.544,36.176,NA,15405.72,15393.829,0.164,NA,NA,NA,11.727,15814.433,28.408,NA,15842.841,15835.414,0.176,NA,NA,NA,7.251,16557.342,29.898,NA,16587.24,16579.784,0.152,NA,NA,NA,7.304,15513.975,25.67,NA,15539.645,15530.736,0.135,NA,NA,NA,8.774,17727.432,24.382,NA,17751.814,17746.26,0.139,NA,NA,NA,5.415,18897.885,28.813,NA,18926.698,18926.183,0.127,NA,NA,NA,0.389,20811.537,28.475,NA,20840.012,20836.479,0.116,NA,NA,NA,3.417,19166.973,27.743,NA,19194.716,19191.388,0.098,NA,NA,NA,3.23
Millones de pesos a precios de 2013|Total cultura|Subtotal de áreas generales y específicas|Diseño y servicios creativos|Propiedad intelectual en diseño,5248.83,11.14,NA,5259.97,3877.22,1382.75,NA,NA,NA,NA,4944.965,11.402,NA,4956.367,3542.237,1414.129,NA,NA,NA,NA,4846.569,11.11,NA,4857.679,3484.429,1373.25,NA,NA,NA,NA,5081.24,11.126,NA,5092.366,3614.748,1477.617,NA,NA,NA,NA,5012.658,11.313,NA,5023.971,3639.698,1384.274,NA,NA,NA,NA,5101.344,12.069,NA,5113.413,3681.956,1431.456,NA,NA,NA,NA,5288.785,13.138,NA,5301.923,3797.661,1504.262,NA,NA,NA,NA,5943.855,13.609,NA,5957.464,4169.542,1787.922,NA,NA,NA,NA,5986.399,13.13,NA,5999.529,4239.217,1760.313,NA,NA,NA,NA,6059.671,13.36,NA,6073.031,4267.429,1805.601,NA,NA,NA,NA,6334.365,14.186,NA,6348.551,4470.011,1878.54,NA,NA,NA,NA,6760.817,14.751,NA,6775.568,4695.307,2080.261,NA,NA,NA,NA
Millones de pesos a precios de 2013|Total cultura|Subtotal de áreas generales y específicas|Diseño y servicios creativos|Gestión pública en servicios creativos,1688.8360516202235,NA,NA,1688.836,NA,NA,1640.3384768548995,48.4975747653242,NA,NA,1645.9305978707637,NA,NA,1645.931,NA,NA,1597.5317612690171,48.39883660174666,NA,NA,1734.7248598705628,NA,NA,1734.725,NA,NA,1684.8929184194676,49.831941451095176,NA,NA,1847.0882909884772,NA,NA,1847.088,NA,NA,1796.0906896769236,50.99760131155362,NA,NA,1854.2621401254871,NA,NA,1854.262,NA,NA,1802.4337607723205,51.82837935316669,NA,NA,1694.2177614399193,NA,NA,1694.218,NA,NA,1645.0522991244459,49.16546231547348,NA,NA,1189.2506867925986,NA,NA,1189.251,NA,NA,1166.3589131695753,22.891773623023298,NA,NA,1383.1937604759855,NA,NA,1383.194,NA,NA,1368.7750114192136,14.41874905677201,NA,NA,1458.011468998186,NA,NA,1458.011,NA,NA,1429.6754787746004,28.335990223585704,NA,NA,1453.6255334511493,NA,NA,1453.626,NA,NA,1419.672108502713,33.95342494843637,NA,NA,1815.7537423206322,NA,NA,1815.754,NA,NA,1794.1634728842805,21.59026943635173,NA,NA,1711.5429745894849,NA,NA,1711.543,NA,NA,1708.425319189101,3.11765540038385,NA,NA
Millones de pesos a precios de 2013|Total cultura|Subtotal de áreas generales y específicas|Patrimonio material y natural,15717.882,35.284,39.473,15792.639,244.362,2666.693,11748.383,1128.374,0.09,4.738,15354.267,49.061,42.997,15446.325,254.123,2528.23,11502.352,1154.664,0.028,6.929,15875.131,33.099,39.489,15947.719,239.179,2444.289,12073.68,1188.947,0.74,0.885,16631.932,32.234,40.689,16704.855,247.103,2528.478,12691.876,1235.168,0.193,2.037,17026.997,28.588,42.146,17097.731,248.219,2786.483,12791.695,1269.822,0.298,1.216,15898.207,43.471,44.423,15986.101,262.156,2707.6,11787.974,1227.493,0.465,0.412,16029.337,54.817,47.333,16131.487,273.036,2584.809,11910.422,1354.521,-0.063,8.763,16736.17,49.495,47.248,16832.913,274.068,2741.756,12465.7,1350.191,0.766,0.433,17396.343,30.341,41.196,17467.88,266.146,2730.691,13136.144,1334.375,0.191,0.334,16933.792,27.709,41.133,17002.634,267.17,2710.999,12730.928,1291.411,0.202,1.926,17789.2,41.051,45.994,17876.245,270.68,2925.657,13170.344,1508.919,0.104,0.541,15872.723,37.928,43.512,15954.163,272.208,2856.521,11786.087,1038.157,0.122,1.068
Millones de pesos a precios de 2013|Total cultura|Subtotal de áreas generales y específicas|Patrimonio material y natural|Material,938.38,22.82,35.536,996.736,46.012,333.064,103.494,510.252,0.058,3.856,966.357,32.778,37.853,1036.988,52.019,336.214,105.478,537.475,0.047,5.754,973.447,14.722,33.684,1021.853,37.397,327.671,105.623,550.623,0.289,0.251,1011.362,17.267,35.961,1064.59,41.296,332.331,107.095,582.115,0.147,1.606,1072.273,10.672,36.487,1119.432,38.026,355.273,119.829,605.364,0.088,0.853,1029.62,25.566,38.767,1093.953,47.522,341.706,107.844,596.531,0.279,0.071,1078.893,37.931,41.999,1158.823,52.255,342.863,105.252,649.816,-0.035,8.673,1101.257,26.76,40.066,1168.083,49.307,339.823,112.773,665.589,0.431,0.159,1168.27,15.116,36.387,1219.773,42.206,324.972,120.35,732.099,0.136,0.011,1234.244,11.816,36.113,1282.173,40.906,326.173,133.212,781.63,0.108,0.144,1394.962,23.977,40.601,1459.54,45.296,443.384,141.142,829.539,0.086,0.091,1293.736,17.571,37.082,1348.389,42.207,433.297,135.023,737.743,0.094,0.025
Millones de pesos a precios de 2013|Total cultura|Subtotal de áreas generales y específicas|Patrimonio material y natural|Natural,1689.343,12.464,3.937,1705.744,10.284,1694.093,NA,0.454,0.032,0.882,1597.318,16.283,5.144,1618.745,13.476,1603.336,NA,0.778,-0.019,1.175,1507.7,18.377,5.805,1531.882,13.134,1514.002,NA,3.661,0.451,0.634,1568.327,14.967,4.728,1588.022,10.722,1573.279,NA,3.544,0.046,0.431,1723.557,17.916,5.659,1747.132,12.948,1729.244,NA,4.369,0.21,0.363,1649.259,17.905,5.656,1672.82,12.753,1654.752,NA,4.788,0.186,0.341,1558.867,16.886,5.334,1581.087,11.577,1564.443,NA,5.005,-0.028,0.09,1695.865,22.735,7.182,1725.782,14.868,1703.299,NA,7.007,0.335,0.274,1659.53,15.225,4.809,1679.564,9.398,1664.483,NA,5.305,0.055,0.323,1618.104,15.893,5.02,1639.017,9.107,1623.406,NA,4.629,0.094,1.782,1719.046,17.074,5.393,1741.513,9.039,1727.168,NA,4.839,0.018,0.45,1682.405,20.357,6.43,1709.192,12.859,1692.408,NA,2.854,0.028,1.043
Millones de pesos a precios de 2013|Total cultura|Subtotal de áreas generales y específicas|Patrimonio material y natural|Bibliotecas,201.767,NA,NA,201.767,187.993,13.774,NA,NA,NA,NA,202.171,NA,NA,202.171,188.56,13.611,NA,NA,NA,NA,202.37,NA,NA,202.37,188.58,13.79,NA,NA,NA,NA,209.029,NA,NA,209.029,195.014,14.015,NA,NA,NA,NA,211.45,NA,NA,211.45,197.17,14.279,NA,NA,NA,NA,216.496,NA,NA,216.496,201.807,14.689,NA,NA,NA,NA,224.29,NA,NA,224.29,209.128,15.162,NA,NA,NA,NA,224.506,NA,NA,224.506,209.813,14.693,NA,NA,NA,NA,229.269,NA,NA,229.269,214.461,14.808,NA,NA,NA,NA,231.867,NA,NA,231.867,217.074,14.793,NA,NA,NA,NA,231.001,NA,NA,231.001,216.26,14.742,NA,NA,NA,NA,231.867,NA,NA,231.867,217.057,14.81,NA,NA,NA,NA
Millones de pesos a precios de 2013|Total cultura|Subtotal de áreas generales y específicas|Patrimonio material y natural|Museos,625.835,NA,NA,625.835,0.073,625.762,NA,NA,NA,NA,575.136,NA,NA,575.136,0.068,575.069,NA,NA,NA,NA,588.894,NA,NA,588.894,0.068,588.826,NA,NA,NA,NA,608.924,NA,NA,608.924,0.071,608.853,NA,NA,NA,NA,687.762,NA,NA,687.762,0.075,687.687,NA,NA,NA,NA,696.527,NA,NA,696.527,0.074,696.453,NA,NA,NA,NA,662.417,NA,NA,662.417,0.076,662.341,NA,NA,NA,NA,684.02,NA,NA,684.02,0.08,683.941,NA,NA,NA,NA,726.509,NA,NA,726.509,0.081,726.428,NA,NA,NA,NA,746.71,NA,NA,746.71,0.083,746.627,NA,NA,NA,NA,740.448,NA,NA,740.448,0.085,740.363,NA,NA,NA,NA,716.091,NA,NA,716.091,0.085,716.006,NA,NA,NA,NA
Millones de pesos a precios de 2013|Total cultura|Subtotal de áreas generales y específicas|Patrimonio material y natural|Gestión pública en patrimonio,12262.556624703679,NA,NA,12262.557,NA,NA,11644.888513791084,617.6681109125951,NA,NA,12013.284840855005,NA,NA,12013.285,NA,NA,11396.874265298911,616.4105755560948,NA,NA,12602.719656859052,NA,NA,12602.72,NA,NA,11968.056969329933,634.6626875291186,NA,NA,13234.28964769664,NA,NA,13234.29,NA,NA,12584.781044109657,649.5086035869829,NA,NA,13331.955024712737,NA,NA,13331.955,NA,NA,12671.865580619113,660.0894440936239,NA,NA,12306.304824976232,NA,NA,12306.305,NA,NA,11680.130456928122,626.1743680481109,NA,NA,12504.87018133656,NA,NA,12504.87,NA,NA,11805.17042495027,699.6997563862894,NA,NA,13030.52162348331,NA,NA,13030.522,NA,NA,12352.927076026557,677.5945474567527,NA,NA,13612.764697431714,NA,NA,13612.765,NA,NA,13015.793534683371,596.9711627483431,NA,NA,13102.867298752335,NA,NA,13102.867,NA,NA,12597.71568399838,505.1516147539548,NA,NA,13703.743091288177,NA,NA,13703.743,NA,NA,13029.202381642497,674.540709645681,NA,NA,11948.62445628144,NA,NA,11948.624,NA,NA,11651.064382816541,297.5600734649006,NA,NA
Millones de pesos a precios de 2013|Total cultura|Subtotal de áreas generales y específicas|Formación y difusión cultural en instituciones educativas,29087.739,NA,NA,29087.739,1347.722,27740.016,NA,NA,NA,NA,29420.031,NA,NA,29420.031,1416.773,28003.258,NA,NA,NA,NA,29061.993,NA,NA,29061.993,1392.168,27669.825,NA,NA,NA,NA,30304.583,NA,NA,30304.583,1478.322,28826.261,NA,NA,NA,NA,30801.254,NA,NA,30801.254,1542.271,29258.983,NA,NA,NA,NA,30854.767,NA,NA,30854.767,1510.408,29344.359,NA,NA,NA,NA,31320.334,NA,NA,31320.334,1599.332,29721.002,NA,NA,NA,NA,31691.51,NA,NA,31691.51,1687.765,30003.745,NA,NA,NA,NA,32350.457,NA,NA,32350.457,1801.466,30548.99,NA,NA,NA,NA,33108.209,NA,NA,33108.209,1828.065,31280.145,NA,NA,NA,NA,34076.316,NA,NA,34076.316,1885.439,32190.876,NA,NA,NA,NA,34293.445,NA,NA,34293.445,1788.272,32505.173,NA,NA,NA,NA
Millones de pesos a precios de 2013|Total cultura|Subtotal de áreas generales y específicas|Formación y difusión cultural en instituciones educativas|Formación Pública,14276.411,NA,NA,14276.411,661.4690675157599,13614.94193248424,NA,NA,NA,NA,14497.127,NA,NA,14497.127,698.1343267045881,13798.992673295412,NA,NA,NA,NA,14103.827,NA,NA,14103.827,675.6211170225565,13428.205882977443,NA,NA,NA,NA,14952.262,NA,NA,14952.262,729.4031046943592,14222.858895305642,NA,NA,NA,NA,15107.277,NA,NA,15107.277,756.4472050895325,14350.829794910467,NA,NA,NA,NA,14970.074,NA,NA,14970.074,732.817582830309,14237.256417169692,NA,NA,NA,NA,15124.002,NA,NA,15124.002,772.2873153875953,14351.714684612405,NA,NA,NA,NA,15426.993,NA,NA,15426.993,821.5810231412443,14605.411976858755,NA,NA,NA,NA,15736.492,NA,NA,15736.492,876.3013701698103,14860.19062983019,NA,NA,NA,NA,16162.1,NA,NA,16162.1,892.3880501996285,15269.711949800372,NA,NA,NA,NA,16526.65,NA,NA,16526.65,914.4177035898441,15612.232296410157,NA,NA,NA,NA,16543.94,NA,NA,16543.94,862.703238021099,15681.2367619789,NA,NA,NA,NA
Millones de pesos a precios de 2013|Total cultura|Subtotal de áreas generales y específicas|Formación y difusión cultural en instituciones educativas|Formación Privada,8473.148,NA,NA,8473.148,360.088,8113.059,NA,NA,NA,NA,8527.386,NA,NA,8527.386,381.512,8145.874,NA,NA,NA,NA,8643.962,NA,NA,8643.962,382.846,8261.116,NA,NA,NA,NA,8810.413,NA,NA,8810.413,401.177,8409.236,NA,NA,NA,NA,9076.532,NA,NA,9076.532,426.317,8650.215,NA,NA,NA,NA,9266.815,NA,NA,9266.815,426.501,8840.314,NA,NA,NA,NA,9520.561,NA,NA,9520.561,459.888,9060.673,NA,NA,NA,NA,9520.778,NA,NA,9520.778,483.313,9037.466,NA,NA,NA,NA,9753.937,NA,NA,9753.937,520.914,9233.022,NA,NA,NA,NA,9956.078,NA,NA,9956.078,529.364,9426.715,NA,NA,NA,NA,10460.403,NA,NA,10460.403,559.922,9900.48,NA,NA,NA,NA,10680.594,NA,NA,10680.594,538.173,10142.421,NA,NA,NA,NA
Millones de pesos a precios de 2013|Total cultura|Subtotal de áreas generales y específicas|Formación y difusión cultural en instituciones educativas|Difusión Pública,5658.975,NA,NA,5658.975,262.1973349145662,5396.777665085434,NA,NA,NA,NA,5730.566,NA,NA,5730.566,275.96535755299686,5454.600642447003,NA,NA,NA,NA,5649.952,NA,NA,5649.952,270.6518508319641,5379.300149168036,NA,NA,NA,NA,5888.793,NA,NA,5888.793,287.2678325929822,5601.525167407018,NA,NA,NA,NA,5952.768,NA,NA,5952.768,298.06527782249617,5654.702722177504,NA,NA,NA,NA,5945.644,NA,NA,5945.644,291.0521661048255,5654.591833895175,NA,NA,NA,NA,5981.539,NA,NA,5981.539,305.4394396533537,5676.099560346646,NA,NA,NA,NA,6046.095,NA,NA,6046.095,321.99126013145667,5724.103739868544,NA,NA,NA,NA,6169.317,NA,NA,6169.317,343.5442244759444,5825.772775524056,NA,NA,NA,NA,6299.338,NA,NA,6299.338,347.81705071546565,5951.520949284534,NA,NA,NA,NA,6397.537,NA,NA,6397.537,353.9750095857939,6043.561990414207,NA,NA,NA,NA,6388.634,NA,NA,6388.634,333.14284495299705,6055.491155047003,NA,NA,NA,NA
Millones de pesos a precios de 2013|Total cultura|Subtotal de áreas generales y específicas|Formación y difusión cultural en instituciones educativas|Difusión Privada,679.205,NA,NA,679.205,63.968,615.237,NA,NA,NA,NA,664.952,NA,NA,664.952,61.161,603.791,NA,NA,NA,NA,664.252,NA,NA,664.252,63.049,601.203,NA,NA,NA,NA,653.115,NA,NA,653.115,60.474,592.641,NA,NA,NA,NA,664.677,NA,NA,664.677,61.442,603.235,NA,NA,NA,NA,672.234,NA,NA,672.234,60.037,612.197,NA,NA,NA,NA,694.232,NA,NA,694.232,61.717,632.515,NA,NA,NA,NA,697.644,NA,NA,697.644,60.88,636.763,NA,NA,NA,NA,690.711,NA,NA,690.711,60.706,630.005,NA,NA,NA,NA,690.693,NA,NA,690.693,58.496,632.197,NA,NA,NA,NA,691.726,NA,NA,691.726,57.124,634.602,NA,NA,NA,NA,680.277,NA,NA,680.277,54.253,626.024,NA,NA,NA,NA
Millones de pesos a precios de 2013|Total cultura|Producción cultural de los hogares,95916.44,NA,NA,95916.44,NA,95916.44,NA,NA,NA,NA,88535.249,NA,NA,88535.249,NA,88535.249,NA,NA,NA,NA,93117.162,NA,NA,93117.162,NA,93117.162,NA,NA,NA,NA,97809.524,NA,NA,97809.524,NA,97809.524,NA,NA,NA,NA,100025.066,NA,NA,100025.066,NA,100025.066,NA,NA,NA,NA,100466.317,NA,NA,100466.317,NA,100466.317,NA,NA,NA,NA,100582.37,NA,NA,100582.37,NA,100582.37,NA,NA,NA,NA,103438.557,NA,NA,103438.557,NA,103438.557,NA,NA,NA,NA,108719.403,NA,NA,108719.403,NA,108719.403,NA,NA,NA,NA,111881.192,NA,NA,111881.192,NA,111881.192,NA,NA,NA,NA,117669.322,NA,NA,117669.322,NA,117669.322,NA,NA,NA,NA,116753.115,NA,NA,116753.115,NA,116753.115,NA,NA,NA,NA
